directory,file_name,variable_name,variable_type,description
data/,ploswater.rda,id,character,Unique Identifier
data/,ploswater.rda,doi,character,DOI of the study
data/,ploswater.rda,title,character,Title of the study
data/,ploswater.rda,display_name,character,Displayed Name in OpenAlex
data/,ploswater.rda,publication_year,numeric,Year of publication
data/,ploswater.rda,publication_date,Date,Date of publication
data/,ploswater.rda,language,character,Original publication language
data/,ploswater.rda,type,character,Indicates the type of scholarly work
data/,ploswater.rda,type_crossref,character,The work type as specified by Crossref
data/,ploswater.rda,indexed_in,character,NA
data/,ploswater.rda,authorships,character,Contains detailed information about authors and their institutional affiliations
data/,ploswater.rda,institution_assertions,character,Information about institutional affiliations
data/,ploswater.rda,countries_distinct_count,numeric,Total number of unique country codes among the work's authorships
data/,ploswater.rda,institutions_distinct_count,numeric,Total number of unique institutions among the work's authorships
data/,ploswater.rda,corresponding_author_ids,character,List of OpenAlex IDs for corresponding authors
data/,ploswater.rda,corresponding_institution_ids,character,List of OpenAlex IDs for institutions of corresponding authors
data/,ploswater.rda,fwci,numeric,"Field-weighted Citation Impact, calculated as the ratio of citations received to citations expected in the publication year and three following years"
data/,ploswater.rda,has_fulltext,logical,Boolean indicating if the full text is searchable in OpenAlex
data/,ploswater.rda,fulltext_origin,character,"Indicates how the full text was obtained (e.g., ""pdf"" or ""ngrams"") when has_fulltext is true"
data/,ploswater.rda,cited_by_count,numeric,Number of times the work has been cited
data/,ploswater.rda,is_retracted,logical,Wether study was retracted or not
data/,ploswater.rda,is_paratext,logical,NA
data/,ploswater.rda,topics,character,NA
data/,ploswater.rda,keywords,character,Keywords in the text
data/,ploswater.rda,concepts,character,Key concepts in the text
data/,ploswater.rda,mesh,character,NA
data/,ploswater.rda,locations_count,numeric,Number of different places where the work can be found
data/,ploswater.rda,locations,character,"List of all places where the work exists, including journals, proceedings, repositories (like arXiv), and institutional repositories"
data/,ploswater.rda,sustainable_development_goals,character,Classifications linking the work to UN Sustainable Development Goals (SDGs)
data/,ploswater.rda,grants,character,Information about research funding and grants associated with the work
data/,ploswater.rda,datasets,character,Associated research datasets
data/,ploswater.rda,versions,character,"Different versions of the work available across locations (e.g., peer-reviewed published version, preprint version)"
data/,ploswater.rda,referenced_works_count,numeric,Number of works this work cites
data/,ploswater.rda,referenced_works,character,List of works cited by this work
data/,ploswater.rda,related_works,character,Works that are related to this one
data/,ploswater.rda,cited_by_api_url,character,URL to access the list of works citing this work
data/,ploswater.rda,counts_by_year,character,"Year-by-year breakdown of citation counts, excluding citations older than ten years"
data/,ploswater.rda,updated_date,"c(""POSIXct"", ""POSIXt"")",ISO 8601 date string showing when the record was last modified
data/,ploswater.rda,created_date,Date,ISO 8601 date string indicating when the work was first added to OpenAlex
data/,ploswater.rda,ids.openalex,character,The primary identifier in OpenAlex
data/,ploswater.rda,ids.doi,character,"The Digital Object Identifier, serving as the Canonical External ID"
data/,ploswater.rda,primary_location.is_oa,logical,NA
data/,ploswater.rda,primary_location.landing_page_url,character,NA
data/,ploswater.rda,primary_location.pdf_url,character,NA
data/,ploswater.rda,primary_location.license,character,NA
data/,ploswater.rda,primary_location.license_id,character,NA
data/,ploswater.rda,primary_location.version,character,NA
data/,ploswater.rda,primary_location.is_accepted,logical,NA
data/,ploswater.rda,primary_location.is_published,logical,NA
data/,ploswater.rda,primary_location.source.id,character,NA
data/,ploswater.rda,primary_location.source.display_name,character,NA
data/,ploswater.rda,primary_location.source.issn_l,character,NA
data/,ploswater.rda,primary_location.source.issn,character,NA
data/,ploswater.rda,primary_location.source.is_oa,logical,NA
data/,ploswater.rda,primary_location.source.is_in_doaj,logical,NA
data/,ploswater.rda,primary_location.source.is_core,logical,NA
data/,ploswater.rda,primary_location.source.host_organization,character,NA
data/,ploswater.rda,primary_location.source.host_organization_name,character,NA
data/,ploswater.rda,primary_location.source.host_organization_lineage,character,NA
data/,ploswater.rda,primary_location.source.host_organization_lineage_names,character,NA
data/,ploswater.rda,primary_location.source.type,character,NA
data/,ploswater.rda,open_access.is_oa,logical,NA
data/,ploswater.rda,open_access.oa_status,character,NA
data/,ploswater.rda,open_access.oa_url,character,NA
data/,ploswater.rda,open_access.any_repository_has_fulltext,logical,NA
data/,ploswater.rda,apc_list.value,numeric,NA
data/,ploswater.rda,apc_list.currency,character,NA
data/,ploswater.rda,apc_list.value_usd,numeric,NA
data/,ploswater.rda,apc_list.provenance,character,NA
data/,ploswater.rda,apc_paid.value,numeric,NA
data/,ploswater.rda,apc_paid.currency,character,NA
data/,ploswater.rda,apc_paid.value_usd,numeric,NA
data/,ploswater.rda,apc_paid.provenance,character,NA
data/,ploswater.rda,citation_normalized_percentile.value,numeric,NA
data/,ploswater.rda,citation_normalized_percentile.is_in_top_1_percent,logical,NA
data/,ploswater.rda,citation_normalized_percentile.is_in_top_10_percent,logical,NA
data/,ploswater.rda,cited_by_percentile_year.min,numeric,NA
data/,ploswater.rda,cited_by_percentile_year.max,numeric,NA
data/,ploswater.rda,biblio.volume,numeric,NA
data/,ploswater.rda,biblio.issue,numeric,NA
data/,ploswater.rda,biblio.first_page,character,NA
data/,ploswater.rda,biblio.last_page,character,NA
data/,ploswater.rda,primary_topic.id,character,NA
data/,ploswater.rda,primary_topic.display_name,character,NA
data/,ploswater.rda,primary_topic.score,numeric,NA
data/,ploswater.rda,primary_topic.subfield.id,character,NA
data/,ploswater.rda,primary_topic.subfield.display_name,character,NA
data/,ploswater.rda,primary_topic.field.id,character,NA
data/,ploswater.rda,primary_topic.field.display_name,character,NA
data/,ploswater.rda,primary_topic.domain.id,character,NA
data/,ploswater.rda,primary_topic.domain.display_name,character,NA
data/,ploswater.rda,best_oa_location.is_oa,logical,NA
data/,ploswater.rda,best_oa_location.landing_page_url,character,NA
data/,ploswater.rda,best_oa_location.pdf_url,character,NA
data/,ploswater.rda,best_oa_location.license,character,NA
data/,ploswater.rda,best_oa_location.license_id,character,NA
data/,ploswater.rda,best_oa_location.version,character,NA
data/,ploswater.rda,best_oa_location.is_accepted,logical,NA
data/,ploswater.rda,best_oa_location.is_published,logical,NA
data/,ploswater.rda,best_oa_location.source.id,character,NA
data/,ploswater.rda,best_oa_location.source.display_name,character,NA
data/,ploswater.rda,best_oa_location.source.issn_l,character,NA
data/,ploswater.rda,best_oa_location.source.issn,character,NA
data/,ploswater.rda,best_oa_location.source.is_oa,logical,NA
data/,ploswater.rda,best_oa_location.source.is_in_doaj,logical,NA
data/,ploswater.rda,best_oa_location.source.is_core,logical,NA
data/,ploswater.rda,best_oa_location.source.host_organization,character,NA
data/,ploswater.rda,best_oa_location.source.host_organization_name,character,NA
data/,ploswater.rda,best_oa_location.source.host_organization_lineage,character,NA
data/,ploswater.rda,best_oa_location.source.host_organization_lineage_names,character,NA
data/,ploswater.rda,best_oa_location.source.type,character,NA
data/,ploswater.rda,abstract_inverted_index.water,character,NA
data/,ploswater.rda,abstract_inverted_index.and,character,NA
data/,ploswater.rda,abstract_inverted_index.sanitation,character,NA
data/,ploswater.rda,abstract_inverted_index.programs,numeric,NA
data/,ploswater.rda,abstract_inverted_index.have,character,NA
data/,ploswater.rda,abstract_inverted_index.focused,character,NA
data/,ploswater.rda,abstract_inverted_index.on,character,NA
data/,ploswater.rda,abstract_inverted_index.value,character,NA
data/,ploswater.rda,abstract_inverted_index.in,character,NA
data/,ploswater.rda,abstract_inverted_index.improving,numeric,NA
data/,ploswater.rda,abstract_inverted_index.conditions,character,NA
data/,ploswater.rda,abstract_inverted_index.evidence,character,NA
data/,ploswater.rda,abstract_inverted_index.This,character,NA
data/,ploswater.rda,abstract_inverted_index.review,character,NA
data/,ploswater.rda,abstract_inverted_index.identified,character,NA
data/,ploswater.rda,abstract_inverted_index.empirical,character,NA
data/,ploswater.rda,abstract_inverted_index.research,character,NA
data/,ploswater.rda,abstract_inverted_index.that,character,NA
data/,ploswater.rda,abstract_inverted_index.and/or,character,NA
data/,ploswater.rda,abstract_inverted_index.reported,character,NA
data/,ploswater.rda,"abstract_inverted_index.used,",numeric,NA
data/,ploswater.rda,abstract_inverted_index.methods,character,NA
data/,ploswater.rda,abstract_inverted_index.if,character,NA
data/,ploswater.rda,abstract_inverted_index.was,character,NA
data/,ploswater.rda,abstract_inverted_index.the,character,NA
data/,ploswater.rda,abstract_inverted_index.A,character,NA
data/,ploswater.rda,abstract_inverted_index.conceptual,numeric,NA
data/,ploswater.rda,abstract_inverted_index.model,character,NA
data/,ploswater.rda,abstract_inverted_index.of,character,NA
data/,ploswater.rda,abstract_inverted_index.which,character,NA
data/,ploswater.rda,abstract_inverted_index.includes,character,NA
data/,ploswater.rda,abstract_inverted_index.three,character,NA
data/,ploswater.rda,"abstract_inverted_index.resources,",numeric,NA
data/,ploswater.rda,abstract_inverted_index.institutional,character,NA
data/,ploswater.rda,abstract_inverted_index.analysis.,numeric,NA
data/,ploswater.rda,abstract_inverted_index.We,character,NA
data/,ploswater.rda,abstract_inverted_index.Global,character,NA
data/,ploswater.rda,abstract_inverted_index.for,character,NA
data/,ploswater.rda,abstract_inverted_index.peer-reviewed,character,NA
data/,ploswater.rda,abstract_inverted_index.sources,character,NA
data/,ploswater.rda,abstract_inverted_index.either,character,NA
data/,ploswater.rda,abstract_inverted_index.related,character,NA
data/,ploswater.rda,abstract_inverted_index.terms,character,NA
data/,ploswater.rda,abstract_inverted_index.from,character,NA
data/,ploswater.rda,abstract_inverted_index.were,character,NA
data/,ploswater.rda,abstract_inverted_index.representing,character,NA
data/,ploswater.rda,abstract_inverted_index.over,character,NA
data/,ploswater.rda,abstract_inverted_index.used,character,NA
data/,ploswater.rda,abstract_inverted_index.followed,character,NA
data/,ploswater.rda,abstract_inverted_index.framework,character,NA
data/,ploswater.rda,abstract_inverted_index.analysis,character,NA
data/,ploswater.rda,"abstract_inverted_index.approach,",numeric,NA
data/,ploswater.rda,abstract_inverted_index.using,character,NA
data/,ploswater.rda,abstract_inverted_index.as,character,NA
data/,ploswater.rda,abstract_inverted_index.two,character,NA
data/,ploswater.rda,abstract_inverted_index.additional,character,NA
data/,ploswater.rda,abstract_inverted_index.relevant,numeric,NA
data/,ploswater.rda,abstract_inverted_index.to,character,NA
data/,ploswater.rda,abstract_inverted_index.The,character,NA
data/,ploswater.rda,abstract_inverted_index.majority,numeric,NA
data/,ploswater.rda,abstract_inverted_index.or,character,NA
data/,ploswater.rda,abstract_inverted_index.published,numeric,NA
data/,ploswater.rda,abstract_inverted_index.since,character,NA
data/,ploswater.rda,abstract_inverted_index.proportion,character,NA
data/,ploswater.rda,abstract_inverted_index.studies,character,NA
data/,ploswater.rda,abstract_inverted_index.half,character,NA
data/,ploswater.rda,abstract_inverted_index.yet,numeric,NA
data/,ploswater.rda,abstract_inverted_index.only,character,NA
data/,ploswater.rda,abstract_inverted_index.provided,character,NA
data/,ploswater.rda,abstract_inverted_index.a,character,NA
data/,ploswater.rda,abstract_inverted_index.least,character,NA
data/,ploswater.rda,abstract_inverted_index.assessing,character,NA
data/,ploswater.rda,abstract_inverted_index.are,character,NA
data/,ploswater.rda,abstract_inverted_index.is,character,NA
data/,ploswater.rda,abstract_inverted_index.main,character,NA
data/,ploswater.rda,abstract_inverted_index.more,character,NA
data/,ploswater.rda,abstract_inverted_index.approaches,character,NA
data/,ploswater.rda,abstract_inverted_index.reduce,character,NA
data/,ploswater.rda,abstract_inverted_index.systemic,numeric,NA
data/,ploswater.rda,abstract_inverted_index.resources,character,NA
data/,ploswater.rda,abstract_inverted_index.For,character,NA
data/,ploswater.rda,abstract_inverted_index.first,character,NA
data/,ploswater.rda,abstract_inverted_index.time,character,NA
data/,ploswater.rda,abstract_inverted_index.has,character,NA
data/,ploswater.rda,abstract_inverted_index.been,character,NA
data/,ploswater.rda,abstract_inverted_index.focus,character,NA
data/,ploswater.rda,abstract_inverted_index.both,character,NA
data/,ploswater.rda,abstract_inverted_index.2,character,NA
data/,ploswater.rda,abstract_inverted_index.we,character,NA
data/,ploswater.rda,abstract_inverted_index.argue,numeric,NA
data/,ploswater.rda,abstract_inverted_index.here,numeric,NA
data/,ploswater.rda,abstract_inverted_index.not,character,NA
data/,ploswater.rda,abstract_inverted_index.attention,character,NA
data/,ploswater.rda,abstract_inverted_index.it,character,NA
data/,ploswater.rda,abstract_inverted_index.scientists,character,NA
data/,ploswater.rda,abstract_inverted_index.policymakers,character,NA
data/,ploswater.rda,abstract_inverted_index.several,numeric,NA
data/,ploswater.rda,abstract_inverted_index.historical,character,NA
data/,ploswater.rda,abstract_inverted_index.temperature,character,NA
data/,ploswater.rda,abstract_inverted_index.change,character,NA
data/,ploswater.rda,abstract_inverted_index.further,numeric,NA
data/,ploswater.rda,abstract_inverted_index.increased,character,NA
data/,ploswater.rda,abstract_inverted_index.with,character,NA
data/,ploswater.rda,abstract_inverted_index.use,character,NA
data/,ploswater.rda,abstract_inverted_index.global,character,NA
data/,ploswater.rda,abstract_inverted_index.levels,character,NA
data/,ploswater.rda,abstract_inverted_index.by,character,NA
data/,ploswater.rda,abstract_inverted_index.an,character,NA
data/,ploswater.rda,abstract_inverted_index.aim,numeric,NA
data/,ploswater.rda,abstract_inverted_index.be,character,NA
data/,ploswater.rda,abstract_inverted_index.consistent,character,NA
data/,ploswater.rda,abstract_inverted_index.current,character,NA
data/,ploswater.rda,abstract_inverted_index.policy,character,NA
data/,ploswater.rda,abstract_inverted_index.increasing,character,NA
data/,ploswater.rda,abstract_inverted_index.extreme,character,NA
data/,ploswater.rda,abstract_inverted_index.weather,character,NA
data/,ploswater.rda,abstract_inverted_index.sometimes,character,NA
data/,ploswater.rda,abstract_inverted_index.changes,character,NA
data/,ploswater.rda,abstract_inverted_index.such,character,NA
data/,ploswater.rda,abstract_inverted_index.land,character,NA
data/,ploswater.rda,abstract_inverted_index.variability,character,NA
data/,ploswater.rda,abstract_inverted_index.cycle,character,NA
data/,ploswater.rda,abstract_inverted_index.season,character,NA
data/,ploswater.rda,"abstract_inverted_index.season,",numeric,NA
data/,ploswater.rda,abstract_inverted_index.year,character,NA
data/,ploswater.rda,abstract_inverted_index.also,character,NA
data/,ploswater.rda,abstract_inverted_index.impacts,character,NA
data/,ploswater.rda,abstract_inverted_index.all,character,NA
data/,ploswater.rda,abstract_inverted_index.needed,character,NA
data/,ploswater.rda,abstract_inverted_index.understanding,character,NA
data/,ploswater.rda,abstract_inverted_index.effectiveness,character,NA
data/,ploswater.rda,abstract_inverted_index.future,character,NA
data/,ploswater.rda,abstract_inverted_index.adaptation,numeric,NA
data/,ploswater.rda,abstract_inverted_index.strategies,character,NA
data/,ploswater.rda,abstract_inverted_index.reducing,character,NA
data/,ploswater.rda,abstract_inverted_index.water-related,character,NA
data/,ploswater.rda,abstract_inverted_index.climate,character,NA
data/,ploswater.rda,"abstract_inverted_index.Finally,",numeric,NA
data/,ploswater.rda,abstract_inverted_index.role,character,NA
data/,ploswater.rda,abstract_inverted_index.assessment,character,NA
data/,ploswater.rda,abstract_inverted_index.require,character,NA
data/,ploswater.rda,abstract_inverted_index.whose,numeric,NA
data/,ploswater.rda,abstract_inverted_index.feasibility,numeric,NA
data/,ploswater.rda,abstract_inverted_index.efficiency,character,NA
data/,ploswater.rda,abstract_inverted_index.resources.,character,NA
data/,ploswater.rda,abstract_inverted_index.It,character,NA
data/,ploswater.rda,abstract_inverted_index.thus,numeric,NA
data/,ploswater.rda,abstract_inverted_index.essential,character,NA
data/,ploswater.rda,abstract_inverted_index.develop,character,NA
data/,ploswater.rda,abstract_inverted_index.integrated,character,NA
data/,ploswater.rda,abstract_inverted_index.approach,character,NA
data/,ploswater.rda,"abstract_inverted_index.change,",character,NA
data/,ploswater.rda,abstract_inverted_index.would,character,NA
data/,ploswater.rda,abstract_inverted_index.between,character,NA
data/,ploswater.rda,abstract_inverted_index.hydrological,character,NA
data/,ploswater.rda,abstract_inverted_index.testing,character,NA
data/,ploswater.rda,abstract_inverted_index.novel,character,NA
data/,ploswater.rda,abstract_inverted_index.tool,character,NA
data/,ploswater.rda,abstract_inverted_index.public,character,NA
data/,ploswater.rda,abstract_inverted_index.health,character,NA
data/,ploswater.rda,"abstract_inverted_index.monitoring,",character,NA
data/,ploswater.rda,abstract_inverted_index.but,character,NA
data/,ploswater.rda,abstract_inverted_index.laboratory,character,NA
data/,ploswater.rda,abstract_inverted_index.capacity,character,NA
data/,ploswater.rda,abstract_inverted_index.provide,character,NA
data/,ploswater.rda,abstract_inverted_index.monitoring,character,NA
data/,ploswater.rda,abstract_inverted_index.at,character,NA
data/,ploswater.rda,abstract_inverted_index.locations,numeric,NA
data/,ploswater.rda,abstract_inverted_index.where,character,NA
data/,ploswater.rda,abstract_inverted_index.potential,character,NA
data/,ploswater.rda,abstract_inverted_index.practices,character,NA
data/,ploswater.rda,abstract_inverted_index.wastewater,character,NA
data/,ploswater.rda,abstract_inverted_index.currently,numeric,NA
data/,ploswater.rda,abstract_inverted_index.quality,character,NA
data/,ploswater.rda,abstract_inverted_index.control,character,NA
data/,ploswater.rda,abstract_inverted_index.may,character,NA
data/,ploswater.rda,abstract_inverted_index.across,character,NA
data/,ploswater.rda,abstract_inverted_index.many,character,NA
data/,ploswater.rda,abstract_inverted_index.academic,numeric,NA
data/,ploswater.rda,abstract_inverted_index.out,character,NA
data/,ploswater.rda,"abstract_inverted_index.Here,",numeric,NA
data/,ploswater.rda,abstract_inverted_index.our,character,NA
data/,ploswater.rda,abstract_inverted_index.including,character,NA
data/,ploswater.rda,abstract_inverted_index.standard,character,NA
data/,ploswater.rda,abstract_inverted_index.operating,numeric,NA
data/,ploswater.rda,abstract_inverted_index.present,character,NA
data/,ploswater.rda,abstract_inverted_index.data,character,NA
data/,ploswater.rda,abstract_inverted_index.discuss,numeric,NA
data/,ploswater.rda,abstract_inverted_index.reporting,numeric,NA
data/,ploswater.rda,abstract_inverted_index.this,character,NA
data/,ploswater.rda,abstract_inverted_index.information,character,NA
data/,ploswater.rda,abstract_inverted_index.will,character,NA
data/,ploswater.rda,abstract_inverted_index.others,numeric,NA
data/,ploswater.rda,abstract_inverted_index.developing,character,NA
data/,ploswater.rda,abstract_inverted_index.support,character,NA
data/,ploswater.rda,abstract_inverted_index.decision-making.,numeric,NA
data/,ploswater.rda,abstract_inverted_index.agriculture,character,NA
data/,ploswater.rda,abstract_inverted_index.significant,character,NA
data/,ploswater.rda,abstract_inverted_index.food,character,NA
data/,ploswater.rda,abstract_inverted_index.socio-economic,numeric,NA
data/,ploswater.rda,abstract_inverted_index.people,character,NA
data/,ploswater.rda,abstract_inverted_index.living,character,NA
data/,ploswater.rda,abstract_inverted_index.some,character,NA
data/,ploswater.rda,abstract_inverted_index.UN,character,NA
data/,ploswater.rda,abstract_inverted_index.Organization,numeric,NA
data/,ploswater.rda,"abstract_inverted_index.(e.g.,",character,NA
data/,ploswater.rda,abstract_inverted_index.World,character,NA
data/,ploswater.rda,abstract_inverted_index.River,character,NA
data/,ploswater.rda,abstract_inverted_index.these,character,NA
data/,ploswater.rda,abstract_inverted_index.areas,character,NA
data/,ploswater.rda,abstract_inverted_index.resource,character,NA
data/,ploswater.rda,abstract_inverted_index.sustainability,character,NA
data/,ploswater.rda,abstract_inverted_index.its,character,NA
data/,ploswater.rda,abstract_inverted_index.unique,numeric,NA
data/,ploswater.rda,abstract_inverted_index.risk,character,NA
data/,ploswater.rda,abstract_inverted_index.process,character,NA
data/,ploswater.rda,abstract_inverted_index.results,character,NA
data/,ploswater.rda,abstract_inverted_index.multiple,character,NA
data/,ploswater.rda,abstract_inverted_index.natural,character,NA
data/,ploswater.rda,abstract_inverted_index.recently,numeric,NA
data/,ploswater.rda,abstract_inverted_index.river,character,NA
data/,ploswater.rda,abstract_inverted_index.sustainable,character,NA
data/,ploswater.rda,abstract_inverted_index.development,character,NA
data/,ploswater.rda,abstract_inverted_index.particularly,character,NA
data/,ploswater.rda,abstract_inverted_index.lack,character,NA
data/,ploswater.rda,abstract_inverted_index.leads,numeric,NA
data/,ploswater.rda,abstract_inverted_index.discharge,character,NA
data/,ploswater.rda,abstract_inverted_index.flow,character,NA
data/,ploswater.rda,abstract_inverted_index.agricultural,character,NA
data/,ploswater.rda,abstract_inverted_index.plant,character,NA
data/,ploswater.rda,abstract_inverted_index.uptake,numeric,NA
data/,ploswater.rda,abstract_inverted_index.effects,character,NA
data/,ploswater.rda,abstract_inverted_index.crop,character,NA
data/,ploswater.rda,abstract_inverted_index.growth,character,NA
data/,ploswater.rda,abstract_inverted_index.higher,character,NA
data/,ploswater.rda,abstract_inverted_index.lower,character,NA
data/,ploswater.rda,abstract_inverted_index.soil,character,NA
data/,ploswater.rda,abstract_inverted_index.microbial,character,NA
data/,ploswater.rda,"abstract_inverted_index.activity,",numeric,NA
data/,ploswater.rda,abstract_inverted_index.overall,numeric,NA
data/,ploswater.rda,abstract_inverted_index.case,character,NA
data/,ploswater.rda,abstract_inverted_index.critical,character,NA
data/,ploswater.rda,abstract_inverted_index.regions,character,NA
data/,ploswater.rda,abstract_inverted_index.can,character,NA
data/,ploswater.rda,abstract_inverted_index.considered,character,NA
data/,ploswater.rda,abstract_inverted_index.possible,numeric,NA
data/,ploswater.rda,abstract_inverted_index.Two,numeric,NA
data/,ploswater.rda,abstract_inverted_index.among,character,NA
data/,ploswater.rda,abstract_inverted_index.home,numeric,NA
data/,ploswater.rda,abstract_inverted_index.animal,character,NA
data/,ploswater.rda,abstract_inverted_index.strong,character,NA
data/,ploswater.rda,abstract_inverted_index.rural,character,NA
data/,ploswater.rda,abstract_inverted_index.major,character,NA
data/,ploswater.rda,abstract_inverted_index.area,character,NA
data/,ploswater.rda,abstract_inverted_index.important,character,NA
data/,ploswater.rda,abstract_inverted_index.hydraulic,character,NA
data/,ploswater.rda,abstract_inverted_index.works,numeric,NA
data/,ploswater.rda,abstract_inverted_index.Republic,numeric,NA
data/,ploswater.rda,abstract_inverted_index.region,character,NA
data/,ploswater.rda,abstract_inverted_index.faces,numeric,NA
data/,ploswater.rda,abstract_inverted_index.due,character,NA
data/,ploswater.rda,"abstract_inverted_index.[4],",numeric,NA
data/,ploswater.rda,abstract_inverted_index.increasingly,character,NA
data/,ploswater.rda,abstract_inverted_index.challenging,numeric,NA
data/,ploswater.rda,abstract_inverted_index.recent,numeric,NA
data/,ploswater.rda,abstract_inverted_index.attributed,numeric,NA
data/,ploswater.rda,abstract_inverted_index.range,numeric,NA
data/,ploswater.rda,abstract_inverted_index.building,character,NA
data/,ploswater.rda,abstract_inverted_index.studied,character,NA
data/,ploswater.rda,abstract_inverted_index.February,numeric,NA
data/,ploswater.rda,abstract_inverted_index.biological,character,NA
data/,ploswater.rda,abstract_inverted_index.parameters,character,NA
data/,ploswater.rda,"abstract_inverted_index.pH,",character,NA
data/,ploswater.rda,abstract_inverted_index.total,character,NA
data/,ploswater.rda,abstract_inverted_index.count,character,NA
data/,ploswater.rda,abstract_inverted_index.analyzed,character,NA
data/,ploswater.rda,abstract_inverted_index.understand,character,NA
data/,ploswater.rda,abstract_inverted_index.differences,character,NA
data/,ploswater.rda,abstract_inverted_index.within,character,NA
data/,ploswater.rda,abstract_inverted_index.chlorine,character,NA
data/,ploswater.rda,abstract_inverted_index.concentration,character,NA
data/,ploswater.rda,abstract_inverted_index.decreased,character,NA
data/,ploswater.rda,abstract_inverted_index.(,character,NA
data/,ploswater.rda,abstract_inverted_index.p,character,NA
data/,ploswater.rda,abstract_inverted_index.&lt;,character,NA
data/,ploswater.rda,abstract_inverted_index.point,character,NA
data/,ploswater.rda,abstract_inverted_index.plumbing,character,NA
data/,ploswater.rda,abstract_inverted_index.As,character,NA
data/,ploswater.rda,abstract_inverted_index.much,character,NA
data/,ploswater.rda,abstract_inverted_index.greater,character,NA
data/,ploswater.rda,abstract_inverted_index.compared,character,NA
data/,ploswater.rda,abstract_inverted_index.every,character,NA
data/,ploswater.rda,abstract_inverted_index.sampling,character,NA
data/,ploswater.rda,abstract_inverted_index.found,character,NA
data/,ploswater.rda,abstract_inverted_index.highest,numeric,NA
data/,ploswater.rda,abstract_inverted_index.no,character,NA
data/,ploswater.rda,abstract_inverted_index.recorded,numeric,NA
data/,ploswater.rda,abstract_inverted_index.during,character,NA
data/,ploswater.rda,abstract_inverted_index.lead,character,NA
data/,ploswater.rda,abstract_inverted_index.health-based,numeric,NA
data/,ploswater.rda,abstract_inverted_index.drinking,character,NA
data/,ploswater.rda,abstract_inverted_index.four,character,NA
data/,ploswater.rda,abstract_inverted_index.same,character,NA
data/,ploswater.rda,abstract_inverted_index.shared,character,NA
data/,ploswater.rda,abstract_inverted_index.use.,character,NA
data/,ploswater.rda,abstract_inverted_index.conducted,character,NA
data/,ploswater.rda,abstract_inverted_index.one,character,NA
data/,ploswater.rda,abstract_inverted_index.required,character,NA
data/,ploswater.rda,abstract_inverted_index.supply.,numeric,NA
data/,ploswater.rda,abstract_inverted_index.viable,character,NA
data/,ploswater.rda,abstract_inverted_index.method,character,NA
data/,ploswater.rda,abstract_inverted_index.need,character,NA
data/,ploswater.rda,abstract_inverted_index.19,numeric,NA
data/,ploswater.rda,abstract_inverted_index.than,character,NA
data/,ploswater.rda,abstract_inverted_index.50,character,NA
data/,ploswater.rda,abstract_inverted_index.before,character,NA
data/,ploswater.rda,abstract_inverted_index.prior,character,NA
data/,ploswater.rda,abstract_inverted_index.suggest,numeric,NA
data/,ploswater.rda,abstract_inverted_index.significantly,character,NA
data/,ploswater.rda,abstract_inverted_index.implications,character,NA
data/,ploswater.rda,abstract_inverted_index.collected,character,NA
data/,ploswater.rda,abstract_inverted_index.infrastructure,character,NA
data/,ploswater.rda,abstract_inverted_index.engineering,numeric,NA
data/,ploswater.rda,abstract_inverted_index.security,character,NA
data/,ploswater.rda,abstract_inverted_index.In,character,NA
data/,ploswater.rda,abstract_inverted_index.freshwater,character,NA
data/,ploswater.rda,abstract_inverted_index.society,character,NA
data/,ploswater.rda,abstract_inverted_index.environment,character,NA
data/,ploswater.rda,abstract_inverted_index.could,character,NA
data/,ploswater.rda,abstract_inverted_index.benefit,numeric,NA
data/,ploswater.rda,abstract_inverted_index.Such,numeric,NA
data/,ploswater.rda,abstract_inverted_index.conservation,character,NA
data/,ploswater.rda,abstract_inverted_index.ongoing,character,NA
data/,ploswater.rda,abstract_inverted_index.species,character,NA
data/,ploswater.rda,abstract_inverted_index.their,character,NA
data/,ploswater.rda,abstract_inverted_index.systems.,character,NA
data/,ploswater.rda,"abstract_inverted_index.However,",character,NA
data/,ploswater.rda,abstract_inverted_index.make,character,NA
data/,ploswater.rda,abstract_inverted_index.meaningful,numeric,NA
data/,ploswater.rda,abstract_inverted_index.contributions,character,NA
data/,ploswater.rda,abstract_inverted_index.must,character,NA
data/,ploswater.rda,abstract_inverted_index.established,character,NA
data/,ploswater.rda,abstract_inverted_index.link,numeric,NA
data/,ploswater.rda,abstract_inverted_index.common,character,NA
data/,ploswater.rda,abstract_inverted_index.six,numeric,NA
data/,ploswater.rda,abstract_inverted_index.actions,numeric,NA
data/,ploswater.rda,abstract_inverted_index.life,numeric,NA
data/,ploswater.rda,abstract_inverted_index.science,character,NA
data/,ploswater.rda,abstract_inverted_index.highlight,numeric,NA
data/,ploswater.rda,abstract_inverted_index.knowledge,character,NA
data/,ploswater.rda,abstract_inverted_index.necessary,character,NA
data/,ploswater.rda,abstract_inverted_index.how,character,NA
data/,ploswater.rda,abstract_inverted_index.play,numeric,NA
data/,ploswater.rda,abstract_inverted_index.direct,character,NA
data/,ploswater.rda,abstract_inverted_index.aquatic,character,NA
data/,ploswater.rda,"abstract_inverted_index.quality,",character,NA
data/,ploswater.rda,abstract_inverted_index.ecosystems.,numeric,NA
data/,ploswater.rda,abstract_inverted_index.ensure,numeric,NA
data/,ploswater.rda,abstract_inverted_index.ecosystems,character,NA
data/,ploswater.rda,abstract_inverted_index.species.,numeric,NA
data/,ploswater.rda,abstract_inverted_index.Water,character,NA
data/,ploswater.rda,abstract_inverted_index.managers,character,NA
data/,ploswater.rda,abstract_inverted_index.consider,character,NA
data/,ploswater.rda,abstract_inverted_index.whether,numeric,NA
data/,ploswater.rda,abstract_inverted_index.concern,character,NA
data/,ploswater.rda,abstract_inverted_index.reservoir,character,NA
data/,ploswater.rda,"abstract_inverted_index.management,",character,NA
data/,ploswater.rda,abstract_inverted_index.modeling,character,NA
data/,ploswater.rda,abstract_inverted_index.requires,character,NA
data/,ploswater.rda,abstract_inverted_index.models,character,NA
data/,ploswater.rda,abstract_inverted_index.watershed,character,NA
data/,ploswater.rda,abstract_inverted_index.various,character,NA
data/,ploswater.rda,abstract_inverted_index.most,character,NA
data/,ploswater.rda,abstract_inverted_index.practical,character,NA
data/,ploswater.rda,abstract_inverted_index.selecting,character,NA
data/,ploswater.rda,abstract_inverted_index.availability,character,NA
data/,ploswater.rda,abstract_inverted_index.number,character,NA
data/,ploswater.rda,abstract_inverted_index.decisions,numeric,NA
data/,ploswater.rda,abstract_inverted_index.regarding,character,NA
data/,ploswater.rda,abstract_inverted_index.best,character,NA
data/,ploswater.rda,abstract_inverted_index.relative,character,NA
data/,ploswater.rda,abstract_inverted_index.importance,character,NA
data/,ploswater.rda,abstract_inverted_index.different,character,NA
data/,ploswater.rda,abstract_inverted_index.limited,character,NA
data/,ploswater.rda,abstract_inverted_index.should,character,NA
data/,ploswater.rda,abstract_inverted_index.assess,numeric,NA
data/,ploswater.rda,abstract_inverted_index.existing,character,NA
data/,ploswater.rda,abstract_inverted_index.then,character,NA
data/,ploswater.rda,abstract_inverted_index.limitations,numeric,NA
data/,ploswater.rda,abstract_inverted_index.questions,character,NA
data/,ploswater.rda,abstract_inverted_index.previous,character,NA
data/,ploswater.rda,abstract_inverted_index.While,character,NA
data/,ploswater.rda,abstract_inverted_index.there,character,NA
data/,ploswater.rda,abstract_inverted_index.work,character,NA
data/,ploswater.rda,abstract_inverted_index.options,character,NA
data/,ploswater.rda,abstract_inverted_index.activity,numeric,NA
data/,ploswater.rda,abstract_inverted_index.leading,character,NA
data/,ploswater.rda,abstract_inverted_index.widespread,character,NA
data/,ploswater.rda,abstract_inverted_index.lake,character,NA
data/,ploswater.rda,abstract_inverted_index.key,character,NA
data/,ploswater.rda,abstract_inverted_index.health.,character,NA
data/,ploswater.rda,abstract_inverted_index.anthropogenic,character,NA
data/,ploswater.rda,abstract_inverted_index.affecting,numeric,NA
data/,ploswater.rda,abstract_inverted_index.space,character,NA
data/,ploswater.rda,abstract_inverted_index.potentially,character,NA
data/,ploswater.rda,abstract_inverted_index.highly,character,NA
data/,ploswater.rda,abstract_inverted_index.responses,numeric,NA
data/,ploswater.rda,abstract_inverted_index.poorly,character,NA
data/,ploswater.rda,abstract_inverted_index.million,character,NA
data/,ploswater.rda,abstract_inverted_index.estimates,character,NA
data/,ploswater.rda,abstract_inverted_index.4,character,NA
data/,ploswater.rda,abstract_inverted_index.km,character,NA
data/,ploswater.rda,abstract_inverted_index.quantify,character,NA
data/,ploswater.rda,abstract_inverted_index.2020,numeric,NA
data/,ploswater.rda,abstract_inverted_index.large,character,NA
data/,ploswater.rda,abstract_inverted_index.cumulative,character,NA
data/,ploswater.rda,abstract_inverted_index.increase,character,NA
data/,ploswater.rda,abstract_inverted_index.human,character,NA
data/,ploswater.rda,abstract_inverted_index.lakes,character,NA
data/,ploswater.rda,abstract_inverted_index.positive,character,NA
data/,ploswater.rda,abstract_inverted_index.trends,character,NA
data/,ploswater.rda,abstract_inverted_index.times,numeric,NA
data/,ploswater.rda,abstract_inverted_index.demonstrates,numeric,NA
data/,ploswater.rda,abstract_inverted_index.inform,character,NA
data/,ploswater.rda,abstract_inverted_index.management,character,NA
data/,ploswater.rda,abstract_inverted_index.determine,character,NA
data/,ploswater.rda,abstract_inverted_index.local,character,NA
data/,ploswater.rda,abstract_inverted_index.Existing,numeric,NA
data/,ploswater.rda,abstract_inverted_index.literature,character,NA
data/,ploswater.rda,"abstract_inverted_index.water,",character,NA
data/,ploswater.rda,"abstract_inverted_index.sanitation,",numeric,NA
data/,ploswater.rda,abstract_inverted_index.hygiene,character,NA
data/,ploswater.rda,abstract_inverted_index.(WASH),numeric,NA
data/,ploswater.rda,abstract_inverted_index.United,character,NA
data/,ploswater.rda,"abstract_inverted_index.States,",character,NA
data/,ploswater.rda,abstract_inverted_index.issues,character,NA
data/,ploswater.rda,abstract_inverted_index.areas.,character,NA
data/,ploswater.rda,abstract_inverted_index.emerging,numeric,NA
data/,ploswater.rda,abstract_inverted_index.infectious,numeric,NA
data/,ploswater.rda,abstract_inverted_index.disease,character,NA
data/,ploswater.rda,abstract_inverted_index.face,numeric,NA
data/,ploswater.rda,abstract_inverted_index.challenges,character,NA
data/,ploswater.rda,abstract_inverted_index.urban,character,NA
data/,ploswater.rda,abstract_inverted_index.study,character,NA
data/,ploswater.rda,abstract_inverted_index.WASH,character,NA
data/,ploswater.rda,abstract_inverted_index.needs,character,NA
data/,ploswater.rda,abstract_inverted_index.through,character,NA
data/,ploswater.rda,abstract_inverted_index.interviews,character,NA
data/,ploswater.rda,abstract_inverted_index.(n,character,NA
data/,ploswater.rda,abstract_inverted_index.=,character,NA
data/,ploswater.rda,abstract_inverted_index.participants,character,NA
data/,ploswater.rda,abstract_inverted_index.18,character,NA
data/,ploswater.rda,abstract_inverted_index.years,character,NA
data/,ploswater.rda,abstract_inverted_index.lived,numeric,NA
data/,ploswater.rda,abstract_inverted_index.five,character,NA
data/,ploswater.rda,abstract_inverted_index.had,character,NA
data/,ploswater.rda,abstract_inverted_index.Using,numeric,NA
data/,ploswater.rda,"abstract_inverted_index.analysis,",character,NA
data/,ploswater.rda,abstract_inverted_index.factors,character,NA
data/,ploswater.rda,"abstract_inverted_index.access,",character,NA
data/,ploswater.rda,abstract_inverted_index.outcomes,character,NA
data/,ploswater.rda,abstract_inverted_index.result,character,NA
data/,ploswater.rda,abstract_inverted_index.explore,numeric,NA
data/,ploswater.rda,abstract_inverted_index.experiences,character,NA
data/,ploswater.rda,abstract_inverted_index.who,character,NA
data/,ploswater.rda,abstract_inverted_index.those,character,NA
data/,ploswater.rda,abstract_inverted_index.did,character,NA
data/,ploswater.rda,abstract_inverted_index.not.,numeric,NA
data/,ploswater.rda,abstract_inverted_index.Our,character,NA
data/,ploswater.rda,abstract_inverted_index.findings,character,NA
data/,ploswater.rda,abstract_inverted_index.revealed,character,NA
data/,ploswater.rda,abstract_inverted_index.contributed,numeric,NA
data/,ploswater.rda,"abstract_inverted_index.physical,",numeric,NA
data/,ploswater.rda,abstract_inverted_index.relationship,character,NA
data/,ploswater.rda,abstract_inverted_index.communities,character,NA
data/,ploswater.rda,abstract_inverted_index.impacted,numeric,NA
data/,ploswater.rda,abstract_inverted_index.facilities,character,NA
data/,ploswater.rda,abstract_inverted_index.safe,character,NA
data/,ploswater.rda,abstract_inverted_index.available,character,NA
data/,ploswater.rda,abstract_inverted_index.inadequate,numeric,NA
data/,ploswater.rda,abstract_inverted_index.access,character,NA
data/,ploswater.rda,abstract_inverted_index.collaboration,character,NA
data/,ploswater.rda,abstract_inverted_index.reduction,character,NA
data/,ploswater.rda,abstract_inverted_index.services,character,NA
data/,ploswater.rda,"abstract_inverted_index.example,",numeric,NA
data/,ploswater.rda,abstract_inverted_index.hand,character,NA
data/,ploswater.rda,abstract_inverted_index.community,character,NA
data/,ploswater.rda,abstract_inverted_index.measures,character,NA
data/,ploswater.rda,abstract_inverted_index.transmission,character,NA
data/,ploswater.rda,abstract_inverted_index.COVID-19,character,NA
data/,ploswater.rda,abstract_inverted_index.other,character,NA
data/,ploswater.rda,abstract_inverted_index.diseases.,character,NA
data/,ploswater.rda,abstract_inverted_index.guidance,character,NA
data/,ploswater.rda,abstract_inverted_index.standards,character,NA
data/,ploswater.rda,abstract_inverted_index.new,character,NA
data/,ploswater.rda,abstract_inverted_index.tools,character,NA
data/,ploswater.rda,abstract_inverted_index.targeted,numeric,NA
data/,ploswater.rda,abstract_inverted_index.assessments,character,NA
data/,ploswater.rda,abstract_inverted_index.pandemic.,numeric,NA
data/,ploswater.rda,abstract_inverted_index.organizations,numeric,NA
data/,ploswater.rda,abstract_inverted_index.evaluate,character,NA
data/,ploswater.rda,abstract_inverted_index.interventions,character,NA
data/,ploswater.rda,abstract_inverted_index.mitigate,numeric,NA
data/,ploswater.rda,abstract_inverted_index.middle-income,character,NA
data/,ploswater.rda,abstract_inverted_index.countries,character,NA
data/,ploswater.rda,abstract_inverted_index.focusing,numeric,NA
data/,ploswater.rda,abstract_inverted_index.household,character,NA
data/,ploswater.rda,abstract_inverted_index.settings,character,NA
data/,ploswater.rda,abstract_inverted_index.observed,character,NA
data/,ploswater.rda,abstract_inverted_index.gaps,character,NA
data/,ploswater.rda,abstract_inverted_index.specifically,numeric,NA
data/,ploswater.rda,abstract_inverted_index.often,character,NA
data/,ploswater.rda,abstract_inverted_index.about,character,NA
data/,ploswater.rda,abstract_inverted_index.high,character,NA
data/,ploswater.rda,abstract_inverted_index.after,character,NA
data/,ploswater.rda,abstract_inverted_index.stations,numeric,NA
data/,ploswater.rda,abstract_inverted_index.points,numeric,NA
data/,ploswater.rda,abstract_inverted_index.external,numeric,NA
data/,ploswater.rda,abstract_inverted_index.needed.,numeric,NA
data/,ploswater.rda,abstract_inverted_index.refinement,numeric,NA
data/,ploswater.rda,abstract_inverted_index.help,character,NA
data/,ploswater.rda,abstract_inverted_index.aspects,character,NA
data/,ploswater.rda,abstract_inverted_index.efforts,character,NA
data/,ploswater.rda,abstract_inverted_index.remain,numeric,NA
data/,ploswater.rda,abstract_inverted_index.functional,numeric,NA
data/,ploswater.rda,abstract_inverted_index.inclusive,character,NA
data/,ploswater.rda,abstract_inverted_index.U.S.,character,NA
data/,ploswater.rda,abstract_inverted_index.service,character,NA
data/,ploswater.rda,"abstract_inverted_index.health,",character,NA
data/,ploswater.rda,abstract_inverted_index.economic,character,NA
data/,ploswater.rda,abstract_inverted_index.expressed,character,NA
data/,ploswater.rda,abstract_inverted_index.sample,numeric,NA
data/,ploswater.rda,abstract_inverted_index.approximately,numeric,NA
data/,ploswater.rda,abstract_inverted_index.city,character,NA
data/,ploswater.rda,abstract_inverted_index.perceptions,character,NA
data/,ploswater.rda,abstract_inverted_index.barriers,character,NA
data/,ploswater.rda,abstract_inverted_index.meeting,character,NA
data/,ploswater.rda,abstract_inverted_index.question,numeric,NA
data/,ploswater.rda,abstract_inverted_index.cost,character,NA
data/,ploswater.rda,abstract_inverted_index.capital,character,NA
data/,ploswater.rda,abstract_inverted_index.projects,character,NA
data/,ploswater.rda,abstract_inverted_index.increases,numeric,NA
data/,ploswater.rda,abstract_inverted_index.infrastructure.,character,NA
data/,ploswater.rda,abstract_inverted_index.demonstrate,character,NA
data/,ploswater.rda,abstract_inverted_index.disparities,character,NA
data/,ploswater.rda,abstract_inverted_index.great,numeric,NA
data/,ploswater.rda,abstract_inverted_index.little,numeric,NA
data/,ploswater.rda,abstract_inverted_index.condition,character,NA
data/,ploswater.rda,abstract_inverted_index.making,character,NA
data/,ploswater.rda,abstract_inverted_index.financial,numeric,NA
data/,ploswater.rda,abstract_inverted_index.decision,character,NA
data/,ploswater.rda,abstract_inverted_index.clean,character,NA
data/,ploswater.rda,abstract_inverted_index.substantial,character,NA
data/,ploswater.rda,abstract_inverted_index.States,character,NA
data/,ploswater.rda,abstract_inverted_index.cannot,numeric,NA
data/,ploswater.rda,abstract_inverted_index.pathways,character,NA
data/,ploswater.rda,abstract_inverted_index.influence,character,NA
data/,ploswater.rda,abstract_inverted_index.behaviors,numeric,NA
data/,ploswater.rda,abstract_inverted_index.vulnerable,character,NA
data/,ploswater.rda,abstract_inverted_index.interviewed,character,NA
data/,ploswater.rda,abstract_inverted_index.low-income,character,NA
data/,ploswater.rda,abstract_inverted_index.bill,character,NA
data/,ploswater.rda,abstract_inverted_index.content,numeric,NA
data/,ploswater.rda,abstract_inverted_index.interview,numeric,NA
data/,ploswater.rda,abstract_inverted_index.Results,numeric,NA
data/,ploswater.rda,abstract_inverted_index.showed,character,NA
data/,ploswater.rda,abstract_inverted_index.ways,character,NA
data/,ploswater.rda,abstract_inverted_index.made,character,NA
data/,ploswater.rda,abstract_inverted_index.times.,numeric,NA
data/,ploswater.rda,abstract_inverted_index.influenced,numeric,NA
data/,ploswater.rda,abstract_inverted_index.utility,character,NA
data/,ploswater.rda,abstract_inverted_index.included,character,NA
data/,ploswater.rda,abstract_inverted_index.reduced,numeric,NA
data/,ploswater.rda,abstract_inverted_index.decline,numeric,NA
data/,ploswater.rda,abstract_inverted_index.government,character,NA
data/,ploswater.rda,abstract_inverted_index.affordable,character,NA
data/,ploswater.rda,abstract_inverted_index.households.,character,NA
data/,ploswater.rda,"abstract_inverted_index.infrastructure,",character,NA
data/,ploswater.rda,abstract_inverted_index.state,character,NA
data/,ploswater.rda,abstract_inverted_index.well,character,NA
data/,ploswater.rda,abstract_inverted_index.municipal,character,NA
data/,ploswater.rda,abstract_inverted_index.policies,character,NA
data/,ploswater.rda,abstract_inverted_index.households,character,NA
data/,ploswater.rda,abstract_inverted_index.growing,character,NA
data/,ploswater.rda,abstract_inverted_index.residents,character,NA
data/,ploswater.rda,abstract_inverted_index.balance,character,NA
data/,ploswater.rda,abstract_inverted_index.resulting,character,NA
data/,ploswater.rda,abstract_inverted_index.affect,numeric,NA
data/,ploswater.rda,abstract_inverted_index.loss,character,NA
data/,ploswater.rda,abstract_inverted_index.impact,character,NA
data/,ploswater.rda,"abstract_inverted_index.system,",character,NA
data/,ploswater.rda,abstract_inverted_index.influencing,numeric,NA
data/,ploswater.rda,abstract_inverted_index.frequency,character,NA
data/,ploswater.rda,abstract_inverted_index.During,numeric,NA
data/,ploswater.rda,abstract_inverted_index.past,character,NA
data/,ploswater.rda,abstract_inverted_index.basin,character,NA
data/,ploswater.rda,abstract_inverted_index.uses,numeric,NA
data/,ploswater.rda,abstract_inverted_index.along,character,NA
data/,ploswater.rda,abstract_inverted_index.predicted,character,NA
data/,ploswater.rda,abstract_inverted_index.temporal,character,NA
data/,ploswater.rda,abstract_inverted_index.spatial,character,NA
data/,ploswater.rda,abstract_inverted_index.sediment,character,NA
data/,ploswater.rda,abstract_inverted_index.effective,character,NA
data/,ploswater.rda,abstract_inverted_index.50%,numeric,NA
data/,ploswater.rda,abstract_inverted_index.baseline,character,NA
data/,ploswater.rda,abstract_inverted_index.cause,character,NA
data/,ploswater.rda,abstract_inverted_index.3%,character,NA
data/,ploswater.rda,abstract_inverted_index.mean,character,NA
data/,ploswater.rda,abstract_inverted_index.surface,character,NA
data/,ploswater.rda,abstract_inverted_index.solid,character,NA
data/,ploswater.rda,abstract_inverted_index.estimated,character,NA
data/,ploswater.rda,abstract_inverted_index.concentrations,character,NA
data/,ploswater.rda,abstract_inverted_index.cover,numeric,NA
data/,ploswater.rda,abstract_inverted_index.biochar,character,NA
data/,ploswater.rda,abstract_inverted_index.remove,numeric,NA
data/,ploswater.rda,abstract_inverted_index.improve,character,NA
data/,ploswater.rda,abstract_inverted_index.P,character,NA
data/,ploswater.rda,abstract_inverted_index.molecular,numeric,NA
data/,ploswater.rda,abstract_inverted_index.carbon,character,NA
data/,ploswater.rda,abstract_inverted_index.produced,character,NA
data/,ploswater.rda,abstract_inverted_index.under,character,NA
data/,ploswater.rda,abstract_inverted_index.3,character,NA
data/,ploswater.rda,abstract_inverted_index.gas,character,NA
data/,ploswater.rda,abstract_inverted_index.mass,numeric,NA
data/,ploswater.rda,abstract_inverted_index.capacities,character,NA
data/,ploswater.rda,abstract_inverted_index.near,character,NA
data/,ploswater.rda,abstract_inverted_index.structure,numeric,NA
data/,ploswater.rda,abstract_inverted_index.indicated,numeric,NA
data/,ploswater.rda,abstract_inverted_index.advance,character,NA
data/,ploswater.rda,abstract_inverted_index.treatment,character,NA
data/,ploswater.rda,abstract_inverted_index.processes,character,NA
data/,ploswater.rda,abstract_inverted_index.employed,numeric,NA
data/,ploswater.rda,abstract_inverted_index.stormwater,character,NA
data/,ploswater.rda,abstract_inverted_index.stream,character,NA
data/,ploswater.rda,abstract_inverted_index.performance,character,NA
data/,ploswater.rda,abstract_inverted_index.metrics,character,NA
data/,ploswater.rda,abstract_inverted_index.they,character,NA
data/,ploswater.rda,abstract_inverted_index.catchment,character,NA
data/,ploswater.rda,abstract_inverted_index.aimed,numeric,NA
data/,ploswater.rda,abstract_inverted_index.response,character,NA
data/,ploswater.rda,abstract_inverted_index.application,character,NA
data/,ploswater.rda,abstract_inverted_index.experiment,numeric,NA
data/,ploswater.rda,abstract_inverted_index.test,character,NA
data/,ploswater.rda,abstract_inverted_index.improved,character,NA
data/,ploswater.rda,abstract_inverted_index.achieved,character,NA
data/,ploswater.rda,abstract_inverted_index.experimental,character,NA
data/,ploswater.rda,abstract_inverted_index.similar,character,NA
data/,ploswater.rda,abstract_inverted_index.per,character,NA
data/,ploswater.rda,abstract_inverted_index.implementation,character,NA
data/,ploswater.rda,abstract_inverted_index.achieve,character,NA
data/,ploswater.rda,abstract_inverted_index.success,numeric,NA
data/,ploswater.rda,abstract_inverted_index.final,numeric,NA
data/,ploswater.rda,abstract_inverted_index.into,character,NA
data/,ploswater.rda,abstract_inverted_index.demand,character,NA
data/,ploswater.rda,abstract_inverted_index.measure,character,NA
data/,ploswater.rda,abstract_inverted_index.period,character,NA
data/,ploswater.rda,abstract_inverted_index.varied,character,NA
data/,ploswater.rda,abstract_inverted_index.modelling,character,NA
data/,ploswater.rda,abstract_inverted_index.broader,character,NA
data/,ploswater.rda,abstract_inverted_index.decades,numeric,NA
data/,ploswater.rda,abstract_inverted_index.environmental,character,NA
data/,ploswater.rda,abstract_inverted_index.surveillance,character,NA
data/,ploswater.rda,abstract_inverted_index.pathogens,character,NA
data/,ploswater.rda,abstract_inverted_index.single,character,NA
data/,ploswater.rda,abstract_inverted_index.pathogen,character,NA
data/,ploswater.rda,abstract_inverted_index.small,character,NA
data/,ploswater.rda,abstract_inverted_index.few,numeric,NA
data/,ploswater.rda,abstract_inverted_index.quantitative,character,NA
data/,ploswater.rda,abstract_inverted_index.developed,character,NA
data/,ploswater.rda,abstract_inverted_index.targets,character,NA
data/,ploswater.rda,abstract_inverted_index.applied,character,NA
data/,ploswater.rda,abstract_inverted_index.samples,character,NA
data/,ploswater.rda,abstract_inverted_index.plants,character,NA
data/,ploswater.rda,abstract_inverted_index.From,numeric,NA
data/,ploswater.rda,abstract_inverted_index.detected,character,NA
data/,ploswater.rda,abstract_inverted_index.find,character,NA
data/,ploswater.rda,abstract_inverted_index.E,character,NA
data/,ploswater.rda,abstract_inverted_index..,character,NA
data/,ploswater.rda,abstract_inverted_index.coli,character,NA
data/,ploswater.rda,abstract_inverted_index.stable,numeric,NA
data/,ploswater.rda,abstract_inverted_index.notable,numeric,NA
data/,ploswater.rda,"abstract_inverted_index.,",character,NA
data/,ploswater.rda,abstract_inverted_index.broad,character,NA
data/,ploswater.rda,abstract_inverted_index.expanding,numeric,NA
data/,ploswater.rda,abstract_inverted_index.fecal,character,NA
data/,ploswater.rda,abstract_inverted_index.waste,character,NA
data/,ploswater.rda,abstract_inverted_index.solids,character,NA
data/,ploswater.rda,abstract_inverted_index.changed,numeric,NA
data/,ploswater.rda,abstract_inverted_index.objective,character,NA
data/,ploswater.rda,abstract_inverted_index.One,character,NA
data/,ploswater.rda,abstract_inverted_index.when,character,NA
data/,ploswater.rda,abstract_inverted_index.To,numeric,NA
data/,ploswater.rda,abstract_inverted_index.trend,character,NA
data/,ploswater.rda,abstract_inverted_index.index,numeric,NA
data/,ploswater.rda,abstract_inverted_index.measurements,character,NA
data/,ploswater.rda,abstract_inverted_index.characterize,character,NA
data/,ploswater.rda,abstract_inverted_index.trends.,character,NA
data/,ploswater.rda,abstract_inverted_index.better,character,NA
data/,ploswater.rda,abstract_inverted_index.so,character,NA
data/,ploswater.rda,abstract_inverted_index.5,character,NA
data/,ploswater.rda,abstract_inverted_index.detect,numeric,NA
data/,ploswater.rda,abstract_inverted_index.respectively.,character,NA
data/,ploswater.rda,abstract_inverted_index.providing,numeric,NA
data/,ploswater.rda,abstract_inverted_index.changing,character,NA
data/,ploswater.rda,abstract_inverted_index.2021,numeric,NA
data/,ploswater.rda,abstract_inverted_index.without,character,NA
data/,ploswater.rda,abstract_inverted_index.domestic,character,NA
data/,ploswater.rda,abstract_inverted_index.systems,character,NA
data/,ploswater.rda,abstract_inverted_index.performed,character,NA
data/,ploswater.rda,abstract_inverted_index.combined,character,NA
data/,ploswater.rda,abstract_inverted_index.Texas,numeric,NA
data/,ploswater.rda,abstract_inverted_index.affected,numeric,NA
data/,ploswater.rda,abstract_inverted_index.populations,character,NA
data/,ploswater.rda,abstract_inverted_index.cross-sectional,numeric,NA
data/,ploswater.rda,abstract_inverted_index.survey,character,NA
data/,ploswater.rda,abstract_inverted_index.shows,character,NA
data/,ploswater.rda,abstract_inverted_index.size,character,NA
data/,ploswater.rda,abstract_inverted_index.system.,numeric,NA
data/,ploswater.rda,abstract_inverted_index.mostly,character,NA
data/,ploswater.rda,abstract_inverted_index.disproportionately,numeric,NA
data/,ploswater.rda,abstract_inverted_index.likely,character,NA
data/,ploswater.rda,abstract_inverted_index.utilities,character,NA
data/,ploswater.rda,abstract_inverted_index.respondents,character,NA
data/,ploswater.rda,abstract_inverted_index.resilience,numeric,NA
data/,ploswater.rda,abstract_inverted_index.efficient,character,NA
data/,ploswater.rda,abstract_inverted_index.emergency,numeric,NA
data/,ploswater.rda,abstract_inverted_index.physical,numeric,NA
data/,ploswater.rda,abstract_inverted_index.based,character,NA
data/,ploswater.rda,abstract_inverted_index.system,character,NA
data/,ploswater.rda,abstract_inverted_index.complex,character,NA
data/,ploswater.rda,abstract_inverted_index.conventional,character,NA
data/,ploswater.rda,abstract_inverted_index.remote,character,NA
data/,ploswater.rda,abstract_inverted_index.sensing,character,NA
data/,ploswater.rda,abstract_inverted_index.New,character,NA
data/,ploswater.rda,abstract_inverted_index.addressing,character,NA
data/,ploswater.rda,abstract_inverted_index.mainly,numeric,NA
data/,ploswater.rda,abstract_inverted_index.types,numeric,NA
data/,ploswater.rda,abstract_inverted_index.problems,character,NA
data/,ploswater.rda,"abstract_inverted_index.challenges,",character,NA
data/,ploswater.rda,abstract_inverted_index.identify,character,NA
data/,ploswater.rda,abstract_inverted_index.opportunities,character,NA
data/,ploswater.rda,abstract_inverted_index.hydrology,character,NA
data/,ploswater.rda,abstract_inverted_index.around,character,NA
data/,ploswater.rda,abstract_inverted_index.insights,numeric,NA
data/,ploswater.rda,abstract_inverted_index.just,numeric,NA
data/,ploswater.rda,abstract_inverted_index.propose,character,NA
data/,ploswater.rda,abstract_inverted_index.larger,numeric,NA
data/,ploswater.rda,abstract_inverted_index.big,numeric,NA
data/,ploswater.rda,abstract_inverted_index.call,numeric,NA
data/,ploswater.rda,abstract_inverted_index.action,character,NA
data/,ploswater.rda,abstract_inverted_index.context,numeric,NA
data/,ploswater.rda,abstract_inverted_index.practice,character,NA
data/,ploswater.rda,abstract_inverted_index.sector,character,NA
data/,ploswater.rda,abstract_inverted_index.private,character,NA
data/,ploswater.rda,abstract_inverted_index.engagement,character,NA
data/,ploswater.rda,abstract_inverted_index.good,character,NA
data/,ploswater.rda,abstract_inverted_index.very,character,NA
data/,ploswater.rda,abstract_inverted_index.issue,character,NA
data/,ploswater.rda,abstract_inverted_index.pollution,character,NA
data/,ploswater.rda,abstract_inverted_index.throughout,character,NA
data/,ploswater.rda,abstract_inverted_index.entire,character,NA
data/,ploswater.rda,abstract_inverted_index.West,character,NA
data/,ploswater.rda,abstract_inverted_index.distribution,character,NA
data/,ploswater.rda,abstract_inverted_index.pollutants,character,NA
data/,ploswater.rda,abstract_inverted_index.considering,numeric,NA
data/,ploswater.rda,"abstract_inverted_index.level,",character,NA
data/,ploswater.rda,abstract_inverted_index.next,numeric,NA
data/,ploswater.rda,abstract_inverted_index.generated,numeric,NA
data/,ploswater.rda,abstract_inverted_index.level,character,NA
data/,ploswater.rda,abstract_inverted_index.each,character,NA
data/,ploswater.rda,abstract_inverted_index.selected,character,NA
data/,ploswater.rda,abstract_inverted_index.estimate,character,NA
data/,ploswater.rda,abstract_inverted_index.low,character,NA
data/,ploswater.rda,abstract_inverted_index.alternative,character,NA
data/,ploswater.rda,abstract_inverted_index.solution,character,NA
data/,ploswater.rda,abstract_inverted_index.globally,numeric,NA
data/,ploswater.rda,"abstract_inverted_index.precipitation,",numeric,NA
data/,ploswater.rda,abstract_inverted_index.processes.,numeric,NA
data/,ploswater.rda,abstract_inverted_index.performance.,numeric,NA
data/,ploswater.rda,abstract_inverted_index.estimating,numeric,NA
data/,ploswater.rda,abstract_inverted_index.characteristics,character,NA
data/,ploswater.rda,abstract_inverted_index.remains,numeric,NA
data/,ploswater.rda,"abstract_inverted_index.models,",numeric,NA
data/,ploswater.rda,abstract_inverted_index.method.,numeric,NA
data/,ploswater.rda,abstract_inverted_index.Spatial,numeric,NA
data/,ploswater.rda,abstract_inverted_index.associated,character,NA
data/,ploswater.rda,abstract_inverted_index.cold,character,NA
data/,ploswater.rda,abstract_inverted_index.association,numeric,NA
data/,ploswater.rda,abstract_inverted_index.variations,character,NA
data/,ploswater.rda,abstract_inverted_index.operational,character,NA
data/,ploswater.rda,abstract_inverted_index.full-scale,numeric,NA
data/,ploswater.rda,abstract_inverted_index.integration,character,NA
data/,ploswater.rda,abstract_inverted_index.chemical,character,NA
data/,ploswater.rda,abstract_inverted_index.accumulation,character,NA
data/,ploswater.rda,abstract_inverted_index.being,character,NA
data/,ploswater.rda,abstract_inverted_index.driver,numeric,NA
data/,ploswater.rda,abstract_inverted_index.upon,numeric,NA
data/,ploswater.rda,"abstract_inverted_index.complex,",numeric,NA
data/,ploswater.rda,abstract_inverted_index.indicating,character,NA
data/,ploswater.rda,abstract_inverted_index.These,character,NA
data/,ploswater.rda,abstract_inverted_index.water.,character,NA
data/,ploswater.rda,abstract_inverted_index.By,character,NA
data/,ploswater.rda,"abstract_inverted_index.process,",character,NA
data/,ploswater.rda,abstract_inverted_index.targeting,numeric,NA
data/,ploswater.rda,abstract_inverted_index.long-term,character,NA
data/,ploswater.rda,abstract_inverted_index.quality.,character,NA
data/,ploswater.rda,"abstract_inverted_index.urbanization,",numeric,NA
data/,ploswater.rda,abstract_inverted_index.population,character,NA
data/,ploswater.rda,abstract_inverted_index.inequality,character,NA
data/,ploswater.rda,"abstract_inverted_index.study,",character,NA
data/,ploswater.rda,abstract_inverted_index.peri-urban,character,NA
data/,ploswater.rda,abstract_inverted_index.examine,character,NA
data/,ploswater.rda,abstract_inverted_index.explained,character,NA
data/,ploswater.rda,abstract_inverted_index.regression,character,NA
data/,ploswater.rda,abstract_inverted_index.source,character,NA
data/,ploswater.rda,abstract_inverted_index.pressure,numeric,NA
data/,ploswater.rda,abstract_inverted_index.supply,character,NA
data/,ploswater.rda,abstract_inverted_index.odds,character,NA
data/,ploswater.rda,abstract_inverted_index.ratio,numeric,NA
data/,ploswater.rda,abstract_inverted_index.factor,character,NA
data/,ploswater.rda,abstract_inverted_index.Findings,numeric,NA
data/,ploswater.rda,abstract_inverted_index.even,character,NA
data/,ploswater.rda,"abstract_inverted_index.services,",character,NA
data/,ploswater.rda,abstract_inverted_index.stakeholders,character,NA
data/,ploswater.rda,abstract_inverted_index.guide,numeric,NA
data/,ploswater.rda,abstract_inverted_index.infrastructural,numeric,NA
data/,ploswater.rda,abstract_inverted_index.settings.,numeric,NA
data/,ploswater.rda,abstract_inverted_index.dynamics,character,NA
data/,ploswater.rda,abstract_inverted_index.transboundary,character,NA
data/,ploswater.rda,abstract_inverted_index.nature,numeric,NA
data/,ploswater.rda,abstract_inverted_index.cross,numeric,NA
data/,ploswater.rda,"abstract_inverted_index.rivers,",character,NA
data/,ploswater.rda,"abstract_inverted_index.Thus,",numeric,NA
data/,ploswater.rda,abstract_inverted_index.defined,character,NA
data/,ploswater.rda,abstract_inverted_index.beyond,numeric,NA
data/,ploswater.rda,abstract_inverted_index.field,character,NA
data/,ploswater.rda,abstract_inverted_index.concept.,numeric,NA
data/,ploswater.rda,abstract_inverted_index.With,numeric,NA
data/,ploswater.rda,abstract_inverted_index.riverine,character,NA
data/,ploswater.rda,abstract_inverted_index.become,character,NA
data/,ploswater.rda,abstract_inverted_index.crucial,numeric,NA
data/,ploswater.rda,abstract_inverted_index.study.,numeric,NA
data/,ploswater.rda,"abstract_inverted_index.i.e.,",character,NA
data/,ploswater.rda,"abstract_inverted_index.Yet,",numeric,NA
data/,ploswater.rda,abstract_inverted_index.primary,character,NA
data/,ploswater.rda,abstract_inverted_index.because,character,NA
data/,ploswater.rda,abstract_inverted_index.cities,character,NA
data/,ploswater.rda,"abstract_inverted_index.Moreover,",numeric,NA
data/,ploswater.rda,abstract_inverted_index.what,character,NA
data/,ploswater.rda,abstract_inverted_index.them,numeric,NA
data/,ploswater.rda,abstract_inverted_index.do,character,NA
data/,ploswater.rda,abstract_inverted_index.ability,character,NA
data/,ploswater.rda,abstract_inverted_index.extensive,numeric,NA
data/,ploswater.rda,abstract_inverted_index.qualitative,numeric,NA
data/,ploswater.rda,abstract_inverted_index.South,character,NA
data/,ploswater.rda,abstract_inverted_index.purpose,numeric,NA
data/,ploswater.rda,abstract_inverted_index.article,numeric,NA
data/,ploswater.rda,abstract_inverted_index.poor,character,NA
data/,ploswater.rda,abstract_inverted_index.toward,character,NA
data/,ploswater.rda,abstract_inverted_index.community.,numeric,NA
data/,ploswater.rda,abstract_inverted_index.include,numeric,NA
data/,ploswater.rda,abstract_inverted_index.education,character,NA
data/,ploswater.rda,abstract_inverted_index.towards,numeric,NA
data/,ploswater.rda,abstract_inverted_index.equitable,numeric,NA
data/,ploswater.rda,"abstract_inverted_index.and,",character,NA
data/,ploswater.rda,abstract_inverted_index.on-site,character,NA
data/,ploswater.rda,abstract_inverted_index.aims,numeric,NA
data/,ploswater.rda,abstract_inverted_index.taken,character,NA
data/,ploswater.rda,abstract_inverted_index.parameters.,numeric,NA
data/,ploswater.rda,abstract_inverted_index.hydrologic,character,NA
data/,ploswater.rda,abstract_inverted_index.while,character,NA
data/,ploswater.rda,abstract_inverted_index.assessed,character,NA
data/,ploswater.rda,abstract_inverted_index.downstream,character,NA
data/,ploswater.rda,abstract_inverted_index.difficulties,numeric,NA
data/,ploswater.rda,abstract_inverted_index.simulate,character,NA
data/,ploswater.rda,"abstract_inverted_index.conditions,",numeric,NA
data/,ploswater.rda,abstract_inverted_index.contaminants.,character,NA
data/,ploswater.rda,abstract_inverted_index.scale,character,NA
data/,ploswater.rda,abstract_inverted_index.National,numeric,NA
data/,ploswater.rda,abstract_inverted_index.Monitoring,character,NA
data/,ploswater.rda,abstract_inverted_index.monitored,character,NA
data/,ploswater.rda,abstract_inverted_index.antimicrobial,character,NA
data/,ploswater.rda,abstract_inverted_index.alignment,character,NA
data/,ploswater.rda,abstract_inverted_index.Health,character,NA
data/,ploswater.rda,"abstract_inverted_index.planning,",character,NA
data/,ploswater.rda,abstract_inverted_index.waters,character,NA
data/,ploswater.rda,abstract_inverted_index.function,character,NA
data/,ploswater.rda,"abstract_inverted_index.humans,",numeric,NA
data/,ploswater.rda,"abstract_inverted_index.animals,",numeric,NA
data/,ploswater.rda,abstract_inverted_index.environment.,numeric,NA
data/,ploswater.rda,abstract_inverted_index.sequencing,character,NA
data/,ploswater.rda,abstract_inverted_index.coverage,character,NA
data/,ploswater.rda,abstract_inverted_index.shown,numeric,NA
data/,ploswater.rda,abstract_inverted_index.enhance,character,NA
data/,ploswater.rda,abstract_inverted_index.report,character,NA
data/,ploswater.rda,abstract_inverted_index.profile,character,NA
data/,ploswater.rda,abstract_inverted_index.distinct,character,NA
data/,ploswater.rda,abstract_inverted_index.sites,character,NA
data/,ploswater.rda,abstract_inverted_index.enriched,numeric,NA
data/,ploswater.rda,abstract_inverted_index.almost,numeric,NA
data/,ploswater.rda,abstract_inverted_index.30%,numeric,NA
data/,ploswater.rda,"abstract_inverted_index.Additionally,",numeric,NA
data/,ploswater.rda,abstract_inverted_index.specific,character,NA
data/,ploswater.rda,abstract_inverted_index.sites.,character,NA
data/,ploswater.rda,abstract_inverted_index.Development,character,NA
data/,ploswater.rda,abstract_inverted_index.technologies,character,NA
data/,ploswater.rda,abstract_inverted_index.vulnerability,character,NA
data/,ploswater.rda,abstract_inverted_index.scheme,numeric,NA
data/,ploswater.rda,abstract_inverted_index.design,character,NA
data/,ploswater.rda,abstract_inverted_index.period.,character,NA
data/,ploswater.rda,abstract_inverted_index.variables,character,NA
data/,ploswater.rda,abstract_inverted_index.less,character,NA
data/,ploswater.rda,abstract_inverted_index.treatment.,character,NA
data/,ploswater.rda,abstract_inverted_index.conclude,numeric,NA
data/,ploswater.rda,abstract_inverted_index.appropriate,numeric,NA
data/,ploswater.rda,abstract_inverted_index.urgent,numeric,NA
data/,ploswater.rda,abstract_inverted_index.set,character,NA
data/,ploswater.rda,abstract_inverted_index.pressures,numeric,NA
data/,ploswater.rda,"abstract_inverted_index.wastewater,",numeric,NA
data/,ploswater.rda,abstract_inverted_index.maintain,numeric,NA
data/,ploswater.rda,abstract_inverted_index.involve,numeric,NA
data/,ploswater.rda,abstract_inverted_index.general,character,NA
data/,ploswater.rda,abstract_inverted_index.way,character,NA
data/,ploswater.rda,abstract_inverted_index.get,numeric,NA
data/,ploswater.rda,abstract_inverted_index.participation,numeric,NA
data/,ploswater.rda,abstract_inverted_index.world,character,NA
data/,ploswater.rda,abstract_inverted_index.take,character,NA
data/,ploswater.rda,abstract_inverted_index.groundwater,character,NA
data/,ploswater.rda,"abstract_inverted_index.science,",numeric,NA
data/,ploswater.rda,abstract_inverted_index.respect,numeric,NA
data/,ploswater.rda,abstract_inverted_index.authorities,character,NA
data/,ploswater.rda,abstract_inverted_index.social,character,NA
data/,ploswater.rda,"abstract_inverted_index.knowledge,",character,NA
data/,ploswater.rda,"abstract_inverted_index.environment,",numeric,NA
data/,ploswater.rda,abstract_inverted_index.encourage,numeric,NA
data/,ploswater.rda,abstract_inverted_index.tap,character,NA
data/,ploswater.rda,abstract_inverted_index.effect,character,NA
data/,ploswater.rda,abstract_inverted_index.composition,character,NA
data/,ploswater.rda,abstract_inverted_index.relatively,character,NA
data/,ploswater.rda,abstract_inverted_index.simple,numeric,NA
data/,ploswater.rda,abstract_inverted_index.adapted,numeric,NA
data/,ploswater.rda,abstract_inverted_index.expertise,numeric,NA
data/,ploswater.rda,abstract_inverted_index.manage,numeric,NA
data/,ploswater.rda,abstract_inverted_index.safety,character,NA
data/,ploswater.rda,abstract_inverted_index.exacerbated,numeric,NA
data/,ploswater.rda,abstract_inverted_index.working,numeric,NA
data/,ploswater.rda,"abstract_inverted_index.capacity,",numeric,NA
data/,ploswater.rda,abstract_inverted_index.informant,character,NA
data/,ploswater.rda,abstract_inverted_index.10,character,NA
data/,ploswater.rda,abstract_inverted_index.risks,character,NA
data/,ploswater.rda,abstract_inverted_index.led,character,NA
data/,ploswater.rda,abstract_inverted_index.adequate,numeric,NA
data/,ploswater.rda,abstract_inverted_index.diseases,numeric,NA
data/,ploswater.rda,abstract_inverted_index.investigated,numeric,NA
data/,ploswater.rda,abstract_inverted_index.recommended,numeric,NA
data/,ploswater.rda,abstract_inverted_index.active,numeric,NA
data/,ploswater.rda,abstract_inverted_index.training,character,NA
data/,ploswater.rda,abstract_inverted_index.flood,character,NA
data/,ploswater.rda,abstract_inverted_index.treated,character,NA
data/,ploswater.rda,abstract_inverted_index.industrial,numeric,NA
data/,ploswater.rda,abstract_inverted_index.demands,character,NA
data/,ploswater.rda,abstract_inverted_index.up,character,NA
data/,ploswater.rda,abstract_inverted_index.put,numeric,NA
data/,ploswater.rda,abstract_inverted_index.governance,character,NA
data/,ploswater.rda,abstract_inverted_index.respond,character,NA
data/,ploswater.rda,abstract_inverted_index.values,character,NA
data/,ploswater.rda,abstract_inverted_index.complexities,numeric,NA
data/,ploswater.rda,abstract_inverted_index.status,character,NA
data/,ploswater.rda,"abstract_inverted_index.time,",character,NA
data/,ploswater.rda,abstract_inverted_index.exist,numeric,NA
data/,ploswater.rda,abstract_inverted_index.groups,character,NA
data/,ploswater.rda,abstract_inverted_index.regional,character,NA
data/,ploswater.rda,abstract_inverted_index.networks,character,NA
data/,ploswater.rda,abstract_inverted_index.representation,character,NA
data/,ploswater.rda,abstract_inverted_index.operate,numeric,NA
data/,ploswater.rda,abstract_inverted_index.activities,character,NA
data/,ploswater.rda,abstract_inverted_index.project,character,NA
data/,ploswater.rda,abstract_inverted_index.designs,character,NA
data/,ploswater.rda,abstract_inverted_index.largest,character,NA
data/,ploswater.rda,abstract_inverted_index.located,numeric,NA
data/,ploswater.rda,abstract_inverted_index.m,character,NA
data/,ploswater.rda,abstract_inverted_index.meet,character,NA
data/,ploswater.rda,abstract_inverted_index.income,character,NA
data/,ploswater.rda,abstract_inverted_index.census,numeric,NA
data/,ploswater.rda,abstract_inverted_index.users,character,NA
data/,ploswater.rda,abstract_inverted_index.).,numeric,NA
data/,ploswater.rda,abstract_inverted_index.rather,character,NA
data/,ploswater.rda,"abstract_inverted_index.patterns,",numeric,NA
data/,ploswater.rda,abstract_inverted_index.patterns,character,NA
data/,ploswater.rda,abstract_inverted_index.products,character,NA
data/,ploswater.rda,abstract_inverted_index.techniques,character,NA
data/,ploswater.rda,abstract_inverted_index.addition,numeric,NA
data/,ploswater.rda,abstract_inverted_index.evaluated,character,NA
data/,ploswater.rda,abstract_inverted_index.monthly,character,NA
data/,ploswater.rda,abstract_inverted_index.statistical,numeric,NA
data/,ploswater.rda,abstract_inverted_index.indicators,character,NA
data/,ploswater.rda,abstract_inverted_index.correlation,character,NA
data/,ploswater.rda,abstract_inverted_index.consistently,character,NA
data/,ploswater.rda,"abstract_inverted_index.Overall,",numeric,NA
data/,ploswater.rda,abstract_inverted_index.country,character,NA
data/,ploswater.rda,abstract_inverted_index.type,numeric,NA
data/,ploswater.rda,abstract_inverted_index.time.,numeric,NA
data/,ploswater.rda,abstract_inverted_index.technical,character,NA
data/,ploswater.rda,abstract_inverted_index.paper,character,NA
data/,ploswater.rda,abstract_inverted_index.researchers,numeric,NA
data/,ploswater.rda,abstract_inverted_index.demonstrated,character,NA
data/,ploswater.rda,abstract_inverted_index.irrigated,character,NA
data/,ploswater.rda,"abstract_inverted_index.Specifically,",numeric,NA
data/,ploswater.rda,abstract_inverted_index.nine,numeric,NA
data/,ploswater.rda,abstract_inverted_index.30,character,NA
data/,ploswater.rda,abstract_inverted_index.tested,numeric,NA
data/,ploswater.rda,abstract_inverted_index.individually,numeric,NA
data/,ploswater.rda,abstract_inverted_index.obtained,character,NA
data/,ploswater.rda,"abstract_inverted_index.years,",numeric,NA
data/,ploswater.rda,abstract_inverted_index.applicable,numeric,NA
data/,ploswater.rda,abstract_inverted_index.oxygen,character,NA
data/,ploswater.rda,abstract_inverted_index.effluent,character,NA
data/,ploswater.rda,abstract_inverted_index.secondary,character,NA
data/,ploswater.rda,abstract_inverted_index.costs,character,NA
data/,ploswater.rda,abstract_inverted_index.still,character,NA
data/,ploswater.rda,abstract_inverted_index.promising,numeric,NA
data/,ploswater.rda,abstract_inverted_index.reports,character,NA
data/,ploswater.rda,abstract_inverted_index.),numeric,NA
data/,ploswater.rda,abstract_inverted_index.installed,numeric,NA
data/,ploswater.rda,abstract_inverted_index.months,numeric,NA
data/,ploswater.rda,abstract_inverted_index.measured,character,NA
data/,ploswater.rda,abstract_inverted_index.evaluation,character,NA
data/,ploswater.rda,abstract_inverted_index.show,character,NA
data/,ploswater.rda,abstract_inverted_index.nearly,numeric,NA
data/,ploswater.rda,abstract_inverted_index.desired,numeric,NA
data/,ploswater.rda,abstract_inverted_index.target,character,NA
data/,ploswater.rda,abstract_inverted_index.varying,numeric,NA
data/,ploswater.rda,abstract_inverted_index.measurement,character,NA
data/,ploswater.rda,abstract_inverted_index.share,character,NA
data/,ploswater.rda,abstract_inverted_index.There,character,NA
data/,ploswater.rda,"abstract_inverted_index.waters,",numeric,NA
data/,ploswater.rda,abstract_inverted_index.detection,character,NA
data/,ploswater.rda,abstract_inverted_index.quantified,character,NA
data/,ploswater.rda,abstract_inverted_index.timely,numeric,NA
data/,ploswater.rda,abstract_inverted_index.waters.,character,NA
data/,ploswater.rda,abstract_inverted_index.largely,character,NA
data/,ploswater.rda,"abstract_inverted_index.governance,",numeric,NA
data/,ploswater.rda,abstract_inverted_index.management.,numeric,NA
data/,ploswater.rda,abstract_inverted_index.learn,character,NA
data/,ploswater.rda,abstract_inverted_index.enabling,character,NA
data/,ploswater.rda,abstract_inverted_index.Kenya.,numeric,NA
data/,ploswater.rda,abstract_inverted_index.below,numeric,NA
data/,ploswater.rda,"abstract_inverted_index.Furthermore,",numeric,NA
data/,ploswater.rda,abstract_inverted_index.Escherichia,character,NA
data/,ploswater.rda,"abstract_inverted_index.samples,",character,NA
data/,ploswater.rda,abstract_inverted_index.3),character,NA
data/,ploswater.rda,abstract_inverted_index.detected.,numeric,NA
data/,ploswater.rda,abstract_inverted_index.They,numeric,NA
data/,ploswater.rda,abstract_inverted_index.together,numeric,NA
data/,ploswater.rda,abstract_inverted_index.driven,character,NA
data/,ploswater.rda,abstract_inverted_index.rapid,character,NA
data/,ploswater.rda,abstract_inverted_index.calls,numeric,NA
data/,ploswater.rda,abstract_inverted_index.efforts.,character,NA
data/,ploswater.rda,abstract_inverted_index.reliable,numeric,NA
data/,ploswater.rda,abstract_inverted_index.international,character,NA
data/,ploswater.rda,abstract_inverted_index.national,character,NA
data/,ploswater.rda,abstract_inverted_index.improvements,character,NA
data/,ploswater.rda,abstract_inverted_index.underlying,character,NA
data/,ploswater.rda,abstract_inverted_index.map,numeric,NA
data/,ploswater.rda,abstract_inverted_index.implemented,numeric,NA
data/,ploswater.rda,abstract_inverted_index.restoration,character,NA
data/,ploswater.rda,abstract_inverted_index.interconnected,numeric,NA
data/,ploswater.rda,abstract_inverted_index.directly,character,NA
data/,ploswater.rda,abstract_inverted_index.opportunity,character,NA
data/,ploswater.rda,abstract_inverted_index.driving,character,NA
data/,ploswater.rda,abstract_inverted_index.vision,character,NA
data/,ploswater.rda,abstract_inverted_index.free,character,NA
data/,ploswater.rda,abstract_inverted_index.known,numeric,NA
data/,ploswater.rda,abstract_inverted_index.parts,character,NA
data/,ploswater.rda,"abstract_inverted_index.temperature,",character,NA
data/,ploswater.rda,abstract_inverted_index.All,numeric,NA
data/,ploswater.rda,abstract_inverted_index.residence,numeric,NA
data/,ploswater.rda,abstract_inverted_index.culture,character,NA
data/,ploswater.rda,abstract_inverted_index.aeruginosa,character,NA
data/,ploswater.rda,abstract_inverted_index.storage,character,NA
data/,ploswater.rda,abstract_inverted_index.bacteria,character,NA
data/,ploswater.rda,abstract_inverted_index.presence,character,NA
data/,ploswater.rda,abstract_inverted_index.genome,character,NA
data/,ploswater.rda,abstract_inverted_index.Despite,character,NA
data/,ploswater.rda,abstract_inverted_index.pit,character,NA
data/,ploswater.rda,abstract_inverted_index.latrines,character,NA
data/,ploswater.rda,abstract_inverted_index.understood.,numeric,NA
data/,ploswater.rda,abstract_inverted_index.characterized,numeric,NA
data/,ploswater.rda,abstract_inverted_index.sludge,character,NA
data/,ploswater.rda,abstract_inverted_index.surveys,numeric,NA
data/,ploswater.rda,abstract_inverted_index.contain,numeric,NA
data/,ploswater.rda,abstract_inverted_index.area.,character,NA
data/,ploswater.rda,abstract_inverted_index.degradation,numeric,NA
data/,ploswater.rda,abstract_inverted_index.maintenance,character,NA
data/,ploswater.rda,abstract_inverted_index.governments,character,NA
data/,ploswater.rda,abstract_inverted_index.released,numeric,NA
data/,ploswater.rda,abstract_inverted_index.promote,numeric,NA
data/,ploswater.rda,abstract_inverted_index.actors,character,NA
data/,ploswater.rda,abstract_inverted_index.assigned,numeric,NA
data/,ploswater.rda,abstract_inverted_index.93,numeric,NA
data/,ploswater.rda,abstract_inverted_index.influences,character,NA
data/,ploswater.rda,abstract_inverted_index.formal,character,NA
data/,ploswater.rda,abstract_inverted_index.align,numeric,NA
data/,ploswater.rda,abstract_inverted_index.recommend,character,NA
data/,ploswater.rda,abstract_inverted_index.expand,numeric,NA
data/,ploswater.rda,abstract_inverted_index.shift,numeric,NA
data/,ploswater.rda,"abstract_inverted_index.Water,",numeric,NA
data/,ploswater.rda,abstract_inverted_index.attributable,numeric,NA
data/,ploswater.rda,abstract_inverted_index.operation,character,NA
data/,ploswater.rda,abstract_inverted_index.trained,character,NA
data/,ploswater.rda,abstract_inverted_index.staff,character,NA
data/,ploswater.rda,abstract_inverted_index.sustain,character,NA
data/,ploswater.rda,abstract_inverted_index.guidelines,character,NA
data/,ploswater.rda,abstract_inverted_index.accountability,numeric,NA
data/,ploswater.rda,abstract_inverted_index.order,character,NA
data/,ploswater.rda,abstract_inverted_index.enhanced,numeric,NA
data/,ploswater.rda,abstract_inverted_index.zero,character,NA
data/,ploswater.rda,abstract_inverted_index.operator,numeric,NA
data/,ploswater.rda,abstract_inverted_index.reaching,character,NA
data/,ploswater.rda,abstract_inverted_index.sectors,character,NA
data/,ploswater.rda,abstract_inverted_index.relationships,character,NA
data/,ploswater.rda,abstract_inverted_index.formation,character,NA
data/,ploswater.rda,abstract_inverted_index.clustering,numeric,NA
data/,ploswater.rda,"abstract_inverted_index.contrast,",numeric,NA
data/,ploswater.rda,abstract_inverted_index.Multiple,numeric,NA
data/,ploswater.rda,abstract_inverted_index.compounds,numeric,NA
data/,ploswater.rda,abstract_inverted_index.containing,character,NA
data/,ploswater.rda,abstract_inverted_index.Further,numeric,NA
data/,ploswater.rda,abstract_inverted_index.investigation,numeric,NA
data/,ploswater.rda,abstract_inverted_index.late,character,NA
data/,ploswater.rda,abstract_inverted_index.summer,character,NA
data/,ploswater.rda,abstract_inverted_index.provides,character,NA
data/,ploswater.rda,abstract_inverted_index.exposure,character,NA
data/,ploswater.rda,"abstract_inverted_index.growth,",numeric,NA
data/,ploswater.rda,"abstract_inverted_index.supply,",numeric,NA
data/,ploswater.rda,abstract_inverted_index.ensuring,numeric,NA
data/,ploswater.rda,abstract_inverted_index.quantity,character,NA
data/,ploswater.rda,abstract_inverted_index.document,character,NA
data/,ploswater.rda,abstract_inverted_index.primarily,character,NA
data/,ploswater.rda,abstract_inverted_index.Environmental,character,NA
data/,ploswater.rda,"abstract_inverted_index.First,",numeric,NA
data/,ploswater.rda,abstract_inverted_index.organic,character,NA
data/,ploswater.rda,abstract_inverted_index.matter,character,NA
data/,ploswater.rda,abstract_inverted_index.sewage,character,NA
data/,ploswater.rda,abstract_inverted_index.operations.,character,NA
data/,ploswater.rda,abstract_inverted_index.When,character,NA
data/,ploswater.rda,abstract_inverted_index.civil,numeric,NA
data/,ploswater.rda,abstract_inverted_index.linked,numeric,NA
data/,ploswater.rda,abstract_inverted_index.examining,numeric,NA
data/,ploswater.rda,abstract_inverted_index.contribute,character,NA
data/,ploswater.rda,abstract_inverted_index.predictors,numeric,NA
data/,ploswater.rda,abstract_inverted_index.sanitation.,numeric,NA
data/,ploswater.rda,abstract_inverted_index.Based,character,NA
data/,ploswater.rda,abstract_inverted_index.research.,numeric,NA
data/,ploswater.rda,abstract_inverted_index.Ghana,character,NA
data/,ploswater.rda,abstract_inverted_index.prevalence,character,NA
data/,ploswater.rda,abstract_inverted_index.piped,character,NA
data/,ploswater.rda,abstract_inverted_index.third,numeric,NA
data/,ploswater.rda,abstract_inverted_index.open,character,NA
data/,ploswater.rda,abstract_inverted_index.members,character,NA
data/,ploswater.rda,abstract_inverted_index.Key,numeric,NA
data/,ploswater.rda,abstract_inverted_index.themes,numeric,NA
data/,ploswater.rda,abstract_inverted_index.1),character,NA
data/,ploswater.rda,abstract_inverted_index.2),character,NA
data/,ploswater.rda,abstract_inverted_index.city.,character,NA
data/,ploswater.rda,abstract_inverted_index.loads,character,NA
data/,ploswater.rda,abstract_inverted_index.Bay,character,NA
data/,ploswater.rda,abstract_inverted_index.60%,numeric,NA
data/,ploswater.rda,abstract_inverted_index.shorter,numeric,NA
data/,ploswater.rda,abstract_inverted_index.median,numeric,NA
data/,ploswater.rda,abstract_inverted_index.does,numeric,NA
data/,ploswater.rda,abstract_inverted_index.detectable,numeric,NA
data/,ploswater.rda,abstract_inverted_index.contamination,character,NA
data/,ploswater.rda,abstract_inverted_index.infiltration,character,NA
data/,ploswater.rda,abstract_inverted_index.recharge,character,NA
data/,ploswater.rda,"abstract_inverted_index.groundwater,",numeric,NA
data/,ploswater.rda,abstract_inverted_index.makes,numeric,NA
data/,ploswater.rda,abstract_inverted_index.conduct,numeric,NA
data/,ploswater.rda,abstract_inverted_index.upstream,numeric,NA
data/,ploswater.rda,abstract_inverted_index.threats,numeric,NA
data/,ploswater.rda,"abstract_inverted_index.activities,",numeric,NA
data/,ploswater.rda,abstract_inverted_index.following,numeric,NA
data/,ploswater.rda,abstract_inverted_index.uncertainty,character,NA
data/,ploswater.rda,abstract_inverted_index.urbanized,character,NA
data/,ploswater.rda,abstract_inverted_index.air,numeric,NA
data/,ploswater.rda,abstract_inverted_index.whereas,numeric,NA
data/,ploswater.rda,abstract_inverted_index.constant,numeric,NA
data/,ploswater.rda,abstract_inverted_index.years.,character,NA
data/,ploswater.rda,abstract_inverted_index.useful,character,NA
data/,ploswater.rda,abstract_inverted_index.conditions.,character,NA
data/,ploswater.rda,abstract_inverted_index.practitioners,numeric,NA
data/,ploswater.rda,abstract_inverted_index.rely,character,NA
data/,ploswater.rda,abstract_inverted_index.rainwater,character,NA
data/,ploswater.rda,abstract_inverted_index.presents,numeric,NA
data/,ploswater.rda,abstract_inverted_index.collection,character,NA
data/,ploswater.rda,abstract_inverted_index.intervention,character,NA
data/,ploswater.rda,abstract_inverted_index.completed,numeric,NA
data/,ploswater.rda,abstract_inverted_index.11%,numeric,NA
data/,ploswater.rda,abstract_inverted_index.remained,numeric,NA
data/,ploswater.rda,abstract_inverted_index.provision,numeric,NA
data/,ploswater.rda,abstract_inverted_index.locally,numeric,NA
data/,ploswater.rda,abstract_inverted_index.countries.,character,NA
data/,ploswater.rda,abstract_inverted_index.second,numeric,NA
data/,ploswater.rda,abstract_inverted_index.site,character,NA
data/,ploswater.rda,abstract_inverted_index.explored,numeric,NA
data/,ploswater.rda,abstract_inverted_index.interactive,numeric,NA
data/,ploswater.rda,abstract_inverted_index.intensity,character,NA
data/,ploswater.rda,abstract_inverted_index.Understanding,numeric,NA
data/,ploswater.rda,abstract_inverted_index.subsequent,numeric,NA
data/,ploswater.rda,abstract_inverted_index.flows,character,NA
data/,ploswater.rda,abstract_inverted_index.detailed,numeric,NA
data/,ploswater.rda,abstract_inverted_index.watersheds,character,NA
data/,ploswater.rda,abstract_inverted_index.Upper,character,NA
data/,ploswater.rda,abstract_inverted_index.dissolved,character,NA
data/,ploswater.rda,abstract_inverted_index.Colorado,character,NA
data/,ploswater.rda,abstract_inverted_index.previously,numeric,NA
data/,ploswater.rda,abstract_inverted_index.protection,numeric,NA
data/,ploswater.rda,abstract_inverted_index.maximum,character,NA
data/,ploswater.rda,abstract_inverted_index.contaminant,numeric,NA
data/,ploswater.rda,abstract_inverted_index.participatory,character,NA
data/,ploswater.rda,abstract_inverted_index.gender,character,NA
data/,ploswater.rda,abstract_inverted_index.Cambodia,character,NA
data/,ploswater.rda,abstract_inverted_index.program,character,NA
data/,ploswater.rda,abstract_inverted_index.reflect,character,NA
data/,ploswater.rda,abstract_inverted_index.extent,character,NA
data/,ploswater.rda,abstract_inverted_index.indicate,character,NA
data/,ploswater.rda,abstract_inverted_index.engaging,character,NA
data/,ploswater.rda,abstract_inverted_index.supporting,numeric,NA
data/,ploswater.rda,abstract_inverted_index.derived,numeric,NA
data/,ploswater.rda,"abstract_inverted_index.sector,",character,NA
data/,ploswater.rda,abstract_inverted_index.investigate,numeric,NA
data/,ploswater.rda,abstract_inverted_index.adoption,character,NA
data/,ploswater.rda,abstract_inverted_index.aged,numeric,NA
data/,ploswater.rda,abstract_inverted_index.children,character,NA
data/,ploswater.rda,abstract_inverted_index.facilities.,numeric,NA
data/,ploswater.rda,abstract_inverted_index.Developing,numeric,NA
data/,ploswater.rda,abstract_inverted_index.journal,numeric,NA
data/,ploswater.rda,abstract_inverted_index.articles,numeric,NA
data/,ploswater.rda,abstract_inverted_index.last,character,NA
data/,ploswater.rda,abstract_inverted_index.height,numeric,NA
data/,ploswater.rda,abstract_inverted_index.worldwide,numeric,NA
data/,ploswater.rda,abstract_inverted_index.offers,numeric,NA
data/,ploswater.rda,abstract_inverted_index.dynamic,character,NA
data/,ploswater.rda,"abstract_inverted_index.areas,",character,NA
data/,ploswater.rda,abstract_inverted_index.magnitude,character,NA
data/,ploswater.rda,abstract_inverted_index.widely,numeric,NA
data/,ploswater.rda,abstract_inverted_index.humanitarian,character,NA
data/,ploswater.rda,abstract_inverted_index.Research,character,NA
data/,ploswater.rda,abstract_inverted_index.online,numeric,NA
data/,ploswater.rda,abstract_inverted_index.score,character,NA
data/,ploswater.rda,abstract_inverted_index.according,numeric,NA
data/,ploswater.rda,abstract_inverted_index.experts,numeric,NA
data/,ploswater.rda,abstract_inverted_index.evaluating,numeric,NA
data/,ploswater.rda,abstract_inverted_index.contexts.,character,NA
data/,ploswater.rda,abstract_inverted_index.priorities.,numeric,NA
data/,ploswater.rda,abstract_inverted_index.21,character,NA
data/,ploswater.rda,abstract_inverted_index.means,numeric,NA
data/,ploswater.rda,"abstract_inverted_index.parameters,",numeric,NA
data/,ploswater.rda,abstract_inverted_index.interest,numeric,NA
data/,ploswater.rda,abstract_inverted_index.insecurity.,character,NA
data/,ploswater.rda,abstract_inverted_index.semi-arid,character,NA
data/,ploswater.rda,abstract_inverted_index.insecurity,character,NA
data/,ploswater.rda,abstract_inverted_index.dry,character,NA
data/,ploswater.rda,abstract_inverted_index.techniques.,character,NA
data/,ploswater.rda,abstract_inverted_index.Given,numeric,NA
data/,ploswater.rda,abstract_inverted_index.offer,numeric,NA
data/,ploswater.rda,abstract_inverted_index.prioritize,numeric,NA
data/,ploswater.rda,"abstract_inverted_index.risks,",numeric,NA
data/,ploswater.rda,abstract_inverted_index.filters,character,NA
data/,ploswater.rda,abstract_inverted_index.incidence,character,NA
data/,ploswater.rda,abstract_inverted_index.designed,character,NA
data/,ploswater.rda,abstract_inverted_index.risk.,numeric,NA
data/,ploswater.rda,abstract_inverted_index.Local,numeric,NA
data/,ploswater.rda,abstract_inverted_index.coordination,numeric,NA
data/,ploswater.rda,"abstract_inverted_index.use,",numeric,NA
data/,ploswater.rda,abstract_inverted_index.isotope,character,NA
data/,ploswater.rda,"abstract_inverted_index.(i.e.,",character,NA
data/,ploswater.rda,abstract_inverted_index.H,character,NA
data/,ploswater.rda,abstract_inverted_index.seasons,numeric,NA
data/,ploswater.rda,abstract_inverted_index.validated,numeric,NA
data/,ploswater.rda,abstract_inverted_index.annually,numeric,NA
data/,ploswater.rda,abstract_inverted_index.wells,character,NA
data/,ploswater.rda,abstract_inverted_index.reliability,character,NA
data/,ploswater.rda,abstract_inverted_index.overcome,numeric,NA
data/,ploswater.rda,"abstract_inverted_index.households,",character,NA
data/,ploswater.rda,abstract_inverted_index.women,character,NA
data/,ploswater.rda,abstract_inverted_index.safely,character,NA
data/,ploswater.rda,abstract_inverted_index.managed,character,NA
data/,ploswater.rda,abstract_inverted_index.Although,numeric,NA
data/,ploswater.rda,abstract_inverted_index.establishing,numeric,NA
data/,ploswater.rda,abstract_inverted_index.divided,character,NA
data/,ploswater.rda,abstract_inverted_index.,character,NA
data/,ploswater.rda,abstract_inverted_index.12,character,NA
data/,ploswater.rda,abstract_inverted_index.9,numeric,NA
data/,ploswater.rda,abstract_inverted_index.15,numeric,NA
data/,ploswater.rda,abstract_inverted_index.winter,character,NA
data/,ploswater.rda,abstract_inverted_index.farmers,character,NA
data/,ploswater.rda,abstract_inverted_index.actual,numeric,NA
data/,ploswater.rda,abstract_inverted_index.operated,numeric,NA
data/,ploswater.rda,abstract_inverted_index.northern,character,NA
data/,ploswater.rda,abstract_inverted_index.arsenic,character,NA
data/,ploswater.rda,abstract_inverted_index.presented,numeric,NA
data/,ploswater.rda,abstract_inverted_index.ranged,numeric,NA
data/,ploswater.rda,abstract_inverted_index.limits,numeric,NA
data/,ploswater.rda,abstract_inverted_index.60,numeric,NA
data/,ploswater.rda,abstract_inverted_index.sampled,character,NA
data/,ploswater.rda,abstract_inverted_index.former,numeric,NA
data/,ploswater.rda,abstract_inverted_index.wellbeing.,numeric,NA
data/,ploswater.rda,"abstract_inverted_index.year,",numeric,NA
data/,ploswater.rda,abstract_inverted_index.dataset,character,NA
data/,ploswater.rda,abstract_inverted_index.suggesting,numeric,NA
data/,ploswater.rda,abstract_inverted_index.fully,numeric,NA
data/,ploswater.rda,abstract_inverted_index.San,character,NA
data/,ploswater.rda,abstract_inverted_index.Out,numeric,NA
data/,ploswater.rda,abstract_inverted_index.disposal,character,NA
data/,ploswater.rda,abstract_inverted_index.waterborne,character,NA
data/,ploswater.rda,abstract_inverted_index.(e.g.,character,NA
data/,ploswater.rda,"abstract_inverted_index.practices,",numeric,NA
data/,ploswater.rda,abstract_inverted_index.volume,character,NA
data/,ploswater.rda,abstract_inverted_index.passive,character,NA
data/,ploswater.rda,abstract_inverted_index.coupled,numeric,NA
data/,ploswater.rda,abstract_inverted_index.faecal,character,NA
data/,ploswater.rda,abstract_inverted_index.indicator,character,NA
data/,ploswater.rda,abstract_inverted_index.contexts,character,NA
data/,ploswater.rda,abstract_inverted_index.real-time,numeric,NA
data/,ploswater.rda,abstract_inverted_index.achieving,character,NA
data/,ploswater.rda,abstract_inverted_index.undertaken,numeric,NA
data/,ploswater.rda,abstract_inverted_index.First,numeric,NA
data/,ploswater.rda,"abstract_inverted_index.approaches,",character,NA
data/,ploswater.rda,abstract_inverted_index.planetary,character,NA
data/,ploswater.rda,abstract_inverted_index.salinity,character,NA
data/,ploswater.rda,abstract_inverted_index.resulted,numeric,NA
data/,ploswater.rda,abstract_inverted_index.16S,numeric,NA
data/,ploswater.rda,abstract_inverted_index.rRNA,numeric,NA
data/,ploswater.rda,abstract_inverted_index.gene,character,NA
data/,ploswater.rda,abstract_inverted_index.prioritized,character,NA
data/,ploswater.rda,abstract_inverted_index.levels.,numeric,NA
data/,ploswater.rda,abstract_inverted_index.prevent,numeric,NA
data/,ploswater.rda,abstract_inverted_index.fish,character,NA
data/,ploswater.rda,abstract_inverted_index.site.,numeric,NA
data/,ploswater.rda,abstract_inverted_index.removal,character,NA
data/,ploswater.rda,abstract_inverted_index.pH,character,NA
data/,ploswater.rda,abstract_inverted_index.confirmed,numeric,NA
data/,ploswater.rda,abstract_inverted_index.possibly,numeric,NA
data/,ploswater.rda,abstract_inverted_index.leaves,numeric,NA
data/,ploswater.rda,abstract_inverted_index.September,numeric,NA
data/,ploswater.rda,abstract_inverted_index.socially,numeric,NA
data/,ploswater.rda,abstract_inverted_index.consumption,numeric,NA
data/,ploswater.rda,abstract_inverted_index.linear,character,NA
data/,ploswater.rda,abstract_inverted_index.explain,character,NA
data/,ploswater.rda,abstract_inverted_index.until,character,NA
data/,ploswater.rda,"abstract_inverted_index.outcomes,",numeric,NA
data/,ploswater.rda,abstract_inverted_index.required.,numeric,NA
data/,ploswater.rda,abstract_inverted_index.regulatory,character,NA
data/,ploswater.rda,abstract_inverted_index.adopted,numeric,NA
data/,ploswater.rda,abstract_inverted_index.connections,numeric,NA
data/,ploswater.rda,abstract_inverted_index.occur,numeric,NA
data/,ploswater.rda,abstract_inverted_index.short-term,numeric,NA
data/,ploswater.rda,abstract_inverted_index.wells.,character,NA
data/,ploswater.rda,abstract_inverted_index.(including,character,NA
data/,ploswater.rda,abstract_inverted_index.Both,numeric,NA
data/,ploswater.rda,abstract_inverted_index.events,numeric,NA
data/,ploswater.rda,abstract_inverted_index.contaminated,numeric,NA
data/,ploswater.rda,abstract_inverted_index.worked,character,NA
data/,ploswater.rda,abstract_inverted_index.knowledges,numeric,NA
data/,ploswater.rda,abstract_inverted_index.collaborative,character,NA
data/,ploswater.rda,abstract_inverted_index.central,numeric,NA
data/,ploswater.rda,abstract_inverted_index.climatic,numeric,NA
data/,ploswater.rda,abstract_inverted_index.outcome,numeric,NA
data/,ploswater.rda,"abstract_inverted_index.settings,",numeric,NA
data/,ploswater.rda,abstract_inverted_index.extract,numeric,NA
data/,ploswater.rda,"abstract_inverted_index.production,",numeric,NA
data/,ploswater.rda,abstract_inverted_index.comparison,numeric,NA
data/,ploswater.rda,abstract_inverted_index.tank,character,NA
data/,ploswater.rda,abstract_inverted_index.log,character,NA
data/,ploswater.rda,abstract_inverted_index.samples.,numeric,NA
data/,ploswater.rda,"abstract_inverted_index.Therefore,",numeric,NA
data/,ploswater.rda,abstract_inverted_index.wetland,character,NA
data/,ploswater.rda,abstract_inverted_index.Cl,character,NA
data/,ploswater.rda,"abstract_inverted_index.months,",numeric,NA
data/,ploswater.rda,abstract_inverted_index.rapidly,numeric,NA
data/,ploswater.rda,abstract_inverted_index.identification,numeric,NA
data/,ploswater.rda,abstract_inverted_index.hundreds,numeric,NA
data/,ploswater.rda,abstract_inverted_index.short,character,NA
data/,ploswater.rda,abstract_inverted_index.coming,numeric,NA
data/,ploswater.rda,abstract_inverted_index.always,numeric,NA
data/,ploswater.rda,"abstract_inverted_index.demand,",numeric,NA
data/,ploswater.rda,abstract_inverted_index.cholera,character,NA
data/,ploswater.rda,abstract_inverted_index.Sanitation,character,NA
data/,ploswater.rda,abstract_inverted_index.successful,numeric,NA
data/,ploswater.rda,"abstract_inverted_index.users,",numeric,NA
data/,ploswater.rda,abstract_inverted_index.Four,numeric,NA
data/,ploswater.rda,abstract_inverted_index.stakeholder,numeric,NA
data/,ploswater.rda,abstract_inverted_index.engage,character,NA
data/,ploswater.rda,abstract_inverted_index.future.,numeric,NA
