directory,file_name,variable_name,variable_type,description
data/,ploswater.rda,id,character,Unique Identifier
data/,ploswater.rda,doi,character,DOI of the study
data/,ploswater.rda,title,character,Title of the study
data/,ploswater.rda,display_name,character,Displayed Name in OpenAlex
data/,ploswater.rda,publication_year,numeric,Year of publication
data/,ploswater.rda,publication_date,Date,Date of publication
data/,ploswater.rda,language,character,Original publication language
data/,ploswater.rda,type,character,Indicates the type of scholarly work
data/,ploswater.rda,type_crossref,character,The work type as specified by Crossref
data/,ploswater.rda,indexed_in,character,
data/,ploswater.rda,authorships,character,Contains detailed information about authors and their institutional affiliations
data/,ploswater.rda,institution_assertions,character,Information about institutional affiliations
data/,ploswater.rda,countries_distinct_count,numeric,Total number of unique country codes among the work's authorships
data/,ploswater.rda,institutions_distinct_count,numeric,Total number of unique institutions among the work's authorships
data/,ploswater.rda,corresponding_author_ids,character,List of OpenAlex IDs for corresponding authors
data/,ploswater.rda,corresponding_institution_ids,character,List of OpenAlex IDs for institutions of corresponding authors
data/,ploswater.rda,fwci,numeric,"Field-weighted Citation Impact, calculated as the ratio of citations received to citations expected in the publication year and three following years"
data/,ploswater.rda,has_fulltext,logical,Boolean indicating if the full text is searchable in OpenAlex
data/,ploswater.rda,fulltext_origin,character,"Indicates how the full text was obtained (e.g., ""pdf"" or ""ngrams"") when has_fulltext is true"
data/,ploswater.rda,cited_by_count,numeric,Number of times the work has been cited
data/,ploswater.rda,is_retracted,logical,Wether study was retracted or not
data/,ploswater.rda,is_paratext,logical,
data/,ploswater.rda,topics,character,
data/,ploswater.rda,keywords,character,Keywords in the text
data/,ploswater.rda,concepts,character,Key concepts in the text
data/,ploswater.rda,mesh,character,
data/,ploswater.rda,locations_count,numeric,Number of different places where the work can be found
data/,ploswater.rda,locations,character,"List of all places where the work exists, including journals, proceedings, repositories (like arXiv), and institutional repositories"
data/,ploswater.rda,sustainable_development_goals,character,Classifications linking the work to UN Sustainable Development Goals (SDGs)
data/,ploswater.rda,grants,character,Information about research funding and grants associated with the work
data/,ploswater.rda,datasets,character,Associated research datasets
data/,ploswater.rda,versions,character,"Different versions of the work available across locations (e.g., peer-reviewed published version, preprint version)"
data/,ploswater.rda,referenced_works_count,numeric,Number of works this work cites
data/,ploswater.rda,referenced_works,character,List of works cited by this work
data/,ploswater.rda,related_works,character,Works that are related to this one
data/,ploswater.rda,cited_by_api_url,character,URL to access the list of works citing this work
data/,ploswater.rda,counts_by_year,character,"Year-by-year breakdown of citation counts, excluding citations older than ten years"
data/,ploswater.rda,updated_date,"c(""POSIXct"", ""POSIXt"")",ISO 8601 date string showing when the record was last modified
data/,ploswater.rda,created_date,Date,ISO 8601 date string indicating when the work was first added to OpenAlex
data/,ploswater.rda,ids.openalex,character,The primary identifier in OpenAlex
data/,ploswater.rda,ids.doi,character,"The Digital Object Identifier, serving as the Canonical External ID"
data/,ploswater.rda,primary_location.is_oa,logical,
data/,ploswater.rda,primary_location.landing_page_url,character,
data/,ploswater.rda,primary_location.pdf_url,character,
data/,ploswater.rda,primary_location.license,character,
data/,ploswater.rda,primary_location.license_id,character,
data/,ploswater.rda,primary_location.version,character,
data/,ploswater.rda,primary_location.is_accepted,logical,
data/,ploswater.rda,primary_location.is_published,logical,
data/,ploswater.rda,primary_location.source.id,character,
data/,ploswater.rda,primary_location.source.display_name,character,
data/,ploswater.rda,primary_location.source.issn_l,character,
data/,ploswater.rda,primary_location.source.issn,character,
data/,ploswater.rda,primary_location.source.is_oa,logical,
data/,ploswater.rda,primary_location.source.is_in_doaj,logical,
data/,ploswater.rda,primary_location.source.is_core,logical,
data/,ploswater.rda,primary_location.source.host_organization,character,
data/,ploswater.rda,primary_location.source.host_organization_name,character,
data/,ploswater.rda,primary_location.source.host_organization_lineage,character,
data/,ploswater.rda,primary_location.source.host_organization_lineage_names,character,
data/,ploswater.rda,primary_location.source.type,character,
data/,ploswater.rda,open_access.is_oa,logical,
data/,ploswater.rda,open_access.oa_status,character,
data/,ploswater.rda,open_access.oa_url,character,
data/,ploswater.rda,open_access.any_repository_has_fulltext,logical,
data/,ploswater.rda,apc_list.value,numeric,
data/,ploswater.rda,apc_list.currency,character,
data/,ploswater.rda,apc_list.value_usd,numeric,
data/,ploswater.rda,apc_list.provenance,character,
data/,ploswater.rda,apc_paid.value,numeric,
data/,ploswater.rda,apc_paid.currency,character,
data/,ploswater.rda,apc_paid.value_usd,numeric,
data/,ploswater.rda,apc_paid.provenance,character,
data/,ploswater.rda,citation_normalized_percentile.value,numeric,
data/,ploswater.rda,citation_normalized_percentile.is_in_top_1_percent,logical,
data/,ploswater.rda,citation_normalized_percentile.is_in_top_10_percent,logical,
data/,ploswater.rda,cited_by_percentile_year.min,numeric,
data/,ploswater.rda,cited_by_percentile_year.max,numeric,
data/,ploswater.rda,biblio.volume,numeric,
data/,ploswater.rda,biblio.issue,numeric,
data/,ploswater.rda,biblio.first_page,character,
data/,ploswater.rda,biblio.last_page,character,
data/,ploswater.rda,primary_topic.id,character,
data/,ploswater.rda,primary_topic.display_name,character,
data/,ploswater.rda,primary_topic.score,numeric,
data/,ploswater.rda,primary_topic.subfield.id,character,
data/,ploswater.rda,primary_topic.subfield.display_name,character,
data/,ploswater.rda,primary_topic.field.id,character,
data/,ploswater.rda,primary_topic.field.display_name,character,
data/,ploswater.rda,primary_topic.domain.id,character,
data/,ploswater.rda,primary_topic.domain.display_name,character,
data/,ploswater.rda,best_oa_location.is_oa,logical,
data/,ploswater.rda,best_oa_location.landing_page_url,character,
data/,ploswater.rda,best_oa_location.pdf_url,character,
data/,ploswater.rda,best_oa_location.license,character,
data/,ploswater.rda,best_oa_location.license_id,character,
data/,ploswater.rda,best_oa_location.version,character,
data/,ploswater.rda,best_oa_location.is_accepted,logical,
data/,ploswater.rda,best_oa_location.is_published,logical,
data/,ploswater.rda,best_oa_location.source.id,character,
data/,ploswater.rda,best_oa_location.source.display_name,character,
data/,ploswater.rda,best_oa_location.source.issn_l,character,
data/,ploswater.rda,best_oa_location.source.issn,character,
data/,ploswater.rda,best_oa_location.source.is_oa,logical,
data/,ploswater.rda,best_oa_location.source.is_in_doaj,logical,
data/,ploswater.rda,best_oa_location.source.is_core,logical,
data/,ploswater.rda,best_oa_location.source.host_organization,character,
data/,ploswater.rda,best_oa_location.source.host_organization_name,character,
data/,ploswater.rda,best_oa_location.source.host_organization_lineage,character,
data/,ploswater.rda,best_oa_location.source.host_organization_lineage_names,character,
data/,ploswater.rda,best_oa_location.source.type,character,
data/,ploswater.rda,abstract_inverted_index.water,character,
data/,ploswater.rda,abstract_inverted_index.and,character,
data/,ploswater.rda,abstract_inverted_index.sanitation,character,
data/,ploswater.rda,abstract_inverted_index.programs,numeric,
data/,ploswater.rda,abstract_inverted_index.have,character,
data/,ploswater.rda,abstract_inverted_index.focused,character,
data/,ploswater.rda,abstract_inverted_index.on,character,
data/,ploswater.rda,abstract_inverted_index.value,character,
data/,ploswater.rda,abstract_inverted_index.in,character,
data/,ploswater.rda,abstract_inverted_index.improving,numeric,
data/,ploswater.rda,abstract_inverted_index.conditions,character,
data/,ploswater.rda,abstract_inverted_index.evidence,character,
data/,ploswater.rda,abstract_inverted_index.This,character,
data/,ploswater.rda,abstract_inverted_index.review,character,
data/,ploswater.rda,abstract_inverted_index.identified,character,
data/,ploswater.rda,abstract_inverted_index.empirical,character,
data/,ploswater.rda,abstract_inverted_index.research,character,
data/,ploswater.rda,abstract_inverted_index.that,character,
data/,ploswater.rda,abstract_inverted_index.and/or,character,
data/,ploswater.rda,abstract_inverted_index.reported,character,
data/,ploswater.rda,"abstract_inverted_index.used,",numeric,
data/,ploswater.rda,abstract_inverted_index.methods,character,
data/,ploswater.rda,abstract_inverted_index.if,character,
data/,ploswater.rda,abstract_inverted_index.was,character,
data/,ploswater.rda,abstract_inverted_index.the,character,
data/,ploswater.rda,abstract_inverted_index.A,character,
data/,ploswater.rda,abstract_inverted_index.conceptual,numeric,
data/,ploswater.rda,abstract_inverted_index.model,character,
data/,ploswater.rda,abstract_inverted_index.of,character,
data/,ploswater.rda,abstract_inverted_index.which,character,
data/,ploswater.rda,abstract_inverted_index.includes,character,
data/,ploswater.rda,abstract_inverted_index.three,character,
data/,ploswater.rda,"abstract_inverted_index.resources,",numeric,
data/,ploswater.rda,abstract_inverted_index.institutional,character,
data/,ploswater.rda,abstract_inverted_index.analysis.,numeric,
data/,ploswater.rda,abstract_inverted_index.We,character,
data/,ploswater.rda,abstract_inverted_index.Global,character,
data/,ploswater.rda,abstract_inverted_index.for,character,
data/,ploswater.rda,abstract_inverted_index.peer-reviewed,character,
data/,ploswater.rda,abstract_inverted_index.sources,character,
data/,ploswater.rda,abstract_inverted_index.either,character,
data/,ploswater.rda,abstract_inverted_index.related,character,
data/,ploswater.rda,abstract_inverted_index.terms,character,
data/,ploswater.rda,abstract_inverted_index.from,character,
data/,ploswater.rda,abstract_inverted_index.were,character,
data/,ploswater.rda,abstract_inverted_index.representing,character,
data/,ploswater.rda,abstract_inverted_index.over,character,
data/,ploswater.rda,abstract_inverted_index.used,character,
data/,ploswater.rda,abstract_inverted_index.followed,character,
data/,ploswater.rda,abstract_inverted_index.framework,character,
data/,ploswater.rda,abstract_inverted_index.analysis,character,
data/,ploswater.rda,"abstract_inverted_index.approach,",numeric,
data/,ploswater.rda,abstract_inverted_index.using,character,
data/,ploswater.rda,abstract_inverted_index.as,character,
data/,ploswater.rda,abstract_inverted_index.two,character,
data/,ploswater.rda,abstract_inverted_index.additional,character,
data/,ploswater.rda,abstract_inverted_index.relevant,numeric,
data/,ploswater.rda,abstract_inverted_index.to,character,
data/,ploswater.rda,abstract_inverted_index.The,character,
data/,ploswater.rda,abstract_inverted_index.majority,numeric,
data/,ploswater.rda,abstract_inverted_index.or,character,
data/,ploswater.rda,abstract_inverted_index.published,numeric,
data/,ploswater.rda,abstract_inverted_index.since,character,
data/,ploswater.rda,abstract_inverted_index.proportion,character,
data/,ploswater.rda,abstract_inverted_index.studies,character,
data/,ploswater.rda,abstract_inverted_index.half,character,
data/,ploswater.rda,abstract_inverted_index.yet,numeric,
data/,ploswater.rda,abstract_inverted_index.only,character,
data/,ploswater.rda,abstract_inverted_index.provided,character,
data/,ploswater.rda,abstract_inverted_index.a,character,
data/,ploswater.rda,abstract_inverted_index.least,character,
data/,ploswater.rda,abstract_inverted_index.assessing,character,
data/,ploswater.rda,abstract_inverted_index.are,character,
data/,ploswater.rda,abstract_inverted_index.is,character,
data/,ploswater.rda,abstract_inverted_index.main,character,
data/,ploswater.rda,abstract_inverted_index.more,character,
data/,ploswater.rda,abstract_inverted_index.approaches,character,
data/,ploswater.rda,abstract_inverted_index.reduce,character,
data/,ploswater.rda,abstract_inverted_index.systemic,numeric,
data/,ploswater.rda,abstract_inverted_index.resources,character,
data/,ploswater.rda,abstract_inverted_index.For,character,
data/,ploswater.rda,abstract_inverted_index.first,character,
data/,ploswater.rda,abstract_inverted_index.time,character,
data/,ploswater.rda,abstract_inverted_index.has,character,
data/,ploswater.rda,abstract_inverted_index.been,character,
data/,ploswater.rda,abstract_inverted_index.focus,character,
data/,ploswater.rda,abstract_inverted_index.both,character,
data/,ploswater.rda,abstract_inverted_index.2,character,
data/,ploswater.rda,abstract_inverted_index.we,character,
data/,ploswater.rda,abstract_inverted_index.argue,numeric,
data/,ploswater.rda,abstract_inverted_index.here,numeric,
data/,ploswater.rda,abstract_inverted_index.not,character,
data/,ploswater.rda,abstract_inverted_index.attention,character,
data/,ploswater.rda,abstract_inverted_index.it,character,
data/,ploswater.rda,abstract_inverted_index.scientists,character,
data/,ploswater.rda,abstract_inverted_index.policymakers,character,
data/,ploswater.rda,abstract_inverted_index.several,numeric,
data/,ploswater.rda,abstract_inverted_index.historical,character,
data/,ploswater.rda,abstract_inverted_index.temperature,character,
data/,ploswater.rda,abstract_inverted_index.change,character,
data/,ploswater.rda,abstract_inverted_index.further,numeric,
data/,ploswater.rda,abstract_inverted_index.increased,character,
data/,ploswater.rda,abstract_inverted_index.with,character,
data/,ploswater.rda,abstract_inverted_index.use,character,
data/,ploswater.rda,abstract_inverted_index.global,character,
data/,ploswater.rda,abstract_inverted_index.levels,character,
data/,ploswater.rda,abstract_inverted_index.by,character,
data/,ploswater.rda,abstract_inverted_index.an,character,
data/,ploswater.rda,abstract_inverted_index.aim,numeric,
data/,ploswater.rda,abstract_inverted_index.be,character,
data/,ploswater.rda,abstract_inverted_index.consistent,character,
data/,ploswater.rda,abstract_inverted_index.current,character,
data/,ploswater.rda,abstract_inverted_index.policy,character,
data/,ploswater.rda,abstract_inverted_index.increasing,character,
data/,ploswater.rda,abstract_inverted_index.extreme,character,
data/,ploswater.rda,abstract_inverted_index.weather,character,
data/,ploswater.rda,abstract_inverted_index.sometimes,character,
data/,ploswater.rda,abstract_inverted_index.changes,character,
data/,ploswater.rda,abstract_inverted_index.such,character,
data/,ploswater.rda,abstract_inverted_index.land,character,
data/,ploswater.rda,abstract_inverted_index.variability,character,
data/,ploswater.rda,abstract_inverted_index.cycle,character,
data/,ploswater.rda,abstract_inverted_index.season,character,
data/,ploswater.rda,"abstract_inverted_index.season,",numeric,
data/,ploswater.rda,abstract_inverted_index.year,character,
data/,ploswater.rda,abstract_inverted_index.also,character,
data/,ploswater.rda,abstract_inverted_index.impacts,character,
data/,ploswater.rda,abstract_inverted_index.all,character,
data/,ploswater.rda,abstract_inverted_index.needed,character,
data/,ploswater.rda,abstract_inverted_index.understanding,character,
data/,ploswater.rda,abstract_inverted_index.effectiveness,character,
data/,ploswater.rda,abstract_inverted_index.future,character,
data/,ploswater.rda,abstract_inverted_index.adaptation,numeric,
data/,ploswater.rda,abstract_inverted_index.strategies,character,
data/,ploswater.rda,abstract_inverted_index.reducing,character,
data/,ploswater.rda,abstract_inverted_index.water-related,character,
data/,ploswater.rda,abstract_inverted_index.climate,character,
data/,ploswater.rda,"abstract_inverted_index.Finally,",numeric,
data/,ploswater.rda,abstract_inverted_index.role,character,
data/,ploswater.rda,abstract_inverted_index.assessment,character,
data/,ploswater.rda,abstract_inverted_index.require,character,
data/,ploswater.rda,abstract_inverted_index.whose,numeric,
data/,ploswater.rda,abstract_inverted_index.feasibility,numeric,
data/,ploswater.rda,abstract_inverted_index.efficiency,character,
data/,ploswater.rda,abstract_inverted_index.resources.,character,
data/,ploswater.rda,abstract_inverted_index.It,character,
data/,ploswater.rda,abstract_inverted_index.thus,numeric,
data/,ploswater.rda,abstract_inverted_index.essential,character,
data/,ploswater.rda,abstract_inverted_index.develop,character,
data/,ploswater.rda,abstract_inverted_index.integrated,character,
data/,ploswater.rda,abstract_inverted_index.approach,character,
data/,ploswater.rda,"abstract_inverted_index.change,",character,
data/,ploswater.rda,abstract_inverted_index.would,character,
data/,ploswater.rda,abstract_inverted_index.between,character,
data/,ploswater.rda,abstract_inverted_index.hydrological,character,
data/,ploswater.rda,abstract_inverted_index.testing,character,
data/,ploswater.rda,abstract_inverted_index.novel,character,
data/,ploswater.rda,abstract_inverted_index.tool,character,
data/,ploswater.rda,abstract_inverted_index.public,character,
data/,ploswater.rda,abstract_inverted_index.health,character,
data/,ploswater.rda,"abstract_inverted_index.monitoring,",character,
data/,ploswater.rda,abstract_inverted_index.but,character,
data/,ploswater.rda,abstract_inverted_index.laboratory,character,
data/,ploswater.rda,abstract_inverted_index.capacity,character,
data/,ploswater.rda,abstract_inverted_index.provide,character,
data/,ploswater.rda,abstract_inverted_index.monitoring,character,
data/,ploswater.rda,abstract_inverted_index.at,character,
data/,ploswater.rda,abstract_inverted_index.locations,numeric,
data/,ploswater.rda,abstract_inverted_index.where,character,
data/,ploswater.rda,abstract_inverted_index.potential,character,
data/,ploswater.rda,abstract_inverted_index.practices,character,
data/,ploswater.rda,abstract_inverted_index.wastewater,character,
data/,ploswater.rda,abstract_inverted_index.currently,numeric,
data/,ploswater.rda,abstract_inverted_index.quality,character,
data/,ploswater.rda,abstract_inverted_index.control,character,
data/,ploswater.rda,abstract_inverted_index.may,character,
data/,ploswater.rda,abstract_inverted_index.across,character,
data/,ploswater.rda,abstract_inverted_index.many,character,
data/,ploswater.rda,abstract_inverted_index.academic,numeric,
data/,ploswater.rda,abstract_inverted_index.out,character,
data/,ploswater.rda,"abstract_inverted_index.Here,",numeric,
data/,ploswater.rda,abstract_inverted_index.our,character,
data/,ploswater.rda,abstract_inverted_index.including,character,
data/,ploswater.rda,abstract_inverted_index.standard,character,
data/,ploswater.rda,abstract_inverted_index.operating,numeric,
data/,ploswater.rda,abstract_inverted_index.present,character,
data/,ploswater.rda,abstract_inverted_index.data,character,
data/,ploswater.rda,abstract_inverted_index.discuss,numeric,
data/,ploswater.rda,abstract_inverted_index.reporting,numeric,
data/,ploswater.rda,abstract_inverted_index.this,character,
data/,ploswater.rda,abstract_inverted_index.information,character,
data/,ploswater.rda,abstract_inverted_index.will,character,
data/,ploswater.rda,abstract_inverted_index.others,numeric,
data/,ploswater.rda,abstract_inverted_index.developing,character,
data/,ploswater.rda,abstract_inverted_index.support,character,
data/,ploswater.rda,abstract_inverted_index.decision-making.,numeric,
data/,ploswater.rda,abstract_inverted_index.agriculture,character,
data/,ploswater.rda,abstract_inverted_index.significant,character,
data/,ploswater.rda,abstract_inverted_index.food,character,
data/,ploswater.rda,abstract_inverted_index.socio-economic,numeric,
data/,ploswater.rda,abstract_inverted_index.people,character,
data/,ploswater.rda,abstract_inverted_index.living,character,
data/,ploswater.rda,abstract_inverted_index.some,character,
data/,ploswater.rda,abstract_inverted_index.UN,character,
data/,ploswater.rda,abstract_inverted_index.Organization,numeric,
data/,ploswater.rda,"abstract_inverted_index.(e.g.,",character,
data/,ploswater.rda,abstract_inverted_index.World,character,
data/,ploswater.rda,abstract_inverted_index.River,character,
data/,ploswater.rda,abstract_inverted_index.these,character,
data/,ploswater.rda,abstract_inverted_index.areas,character,
data/,ploswater.rda,abstract_inverted_index.resource,character,
data/,ploswater.rda,abstract_inverted_index.sustainability,character,
data/,ploswater.rda,abstract_inverted_index.its,character,
data/,ploswater.rda,abstract_inverted_index.unique,numeric,
data/,ploswater.rda,abstract_inverted_index.risk,character,
data/,ploswater.rda,abstract_inverted_index.process,character,
data/,ploswater.rda,abstract_inverted_index.results,character,
data/,ploswater.rda,abstract_inverted_index.multiple,character,
data/,ploswater.rda,abstract_inverted_index.natural,character,
data/,ploswater.rda,abstract_inverted_index.recently,numeric,
data/,ploswater.rda,abstract_inverted_index.river,character,
data/,ploswater.rda,abstract_inverted_index.sustainable,character,
data/,ploswater.rda,abstract_inverted_index.development,character,
data/,ploswater.rda,abstract_inverted_index.particularly,character,
data/,ploswater.rda,abstract_inverted_index.lack,character,
data/,ploswater.rda,abstract_inverted_index.leads,numeric,
data/,ploswater.rda,abstract_inverted_index.discharge,character,
data/,ploswater.rda,abstract_inverted_index.flow,character,
data/,ploswater.rda,abstract_inverted_index.agricultural,character,
data/,ploswater.rda,abstract_inverted_index.plant,character,
data/,ploswater.rda,abstract_inverted_index.uptake,numeric,
data/,ploswater.rda,abstract_inverted_index.effects,character,
data/,ploswater.rda,abstract_inverted_index.crop,character,
data/,ploswater.rda,abstract_inverted_index.growth,character,
data/,ploswater.rda,abstract_inverted_index.higher,character,
data/,ploswater.rda,abstract_inverted_index.lower,character,
data/,ploswater.rda,abstract_inverted_index.soil,character,
data/,ploswater.rda,abstract_inverted_index.microbial,character,
data/,ploswater.rda,"abstract_inverted_index.activity,",numeric,
data/,ploswater.rda,abstract_inverted_index.overall,numeric,
data/,ploswater.rda,abstract_inverted_index.case,character,
data/,ploswater.rda,abstract_inverted_index.critical,character,
data/,ploswater.rda,abstract_inverted_index.regions,character,
data/,ploswater.rda,abstract_inverted_index.can,character,
data/,ploswater.rda,abstract_inverted_index.considered,character,
data/,ploswater.rda,abstract_inverted_index.possible,numeric,
data/,ploswater.rda,abstract_inverted_index.Two,numeric,
data/,ploswater.rda,abstract_inverted_index.among,character,
data/,ploswater.rda,abstract_inverted_index.home,numeric,
data/,ploswater.rda,abstract_inverted_index.animal,character,
data/,ploswater.rda,abstract_inverted_index.strong,character,
data/,ploswater.rda,abstract_inverted_index.rural,character,
data/,ploswater.rda,abstract_inverted_index.major,character,
data/,ploswater.rda,abstract_inverted_index.area,character,
data/,ploswater.rda,abstract_inverted_index.important,character,
data/,ploswater.rda,abstract_inverted_index.hydraulic,character,
data/,ploswater.rda,abstract_inverted_index.works,numeric,
data/,ploswater.rda,abstract_inverted_index.Republic,numeric,
data/,ploswater.rda,abstract_inverted_index.region,character,
data/,ploswater.rda,abstract_inverted_index.faces,numeric,
data/,ploswater.rda,abstract_inverted_index.due,character,
data/,ploswater.rda,"abstract_inverted_index.[4],",numeric,
data/,ploswater.rda,abstract_inverted_index.increasingly,character,
data/,ploswater.rda,abstract_inverted_index.challenging,numeric,
data/,ploswater.rda,abstract_inverted_index.recent,numeric,
data/,ploswater.rda,abstract_inverted_index.attributed,numeric,
data/,ploswater.rda,abstract_inverted_index.range,numeric,
data/,ploswater.rda,abstract_inverted_index.building,character,
data/,ploswater.rda,abstract_inverted_index.studied,character,
data/,ploswater.rda,abstract_inverted_index.February,numeric,
data/,ploswater.rda,abstract_inverted_index.biological,character,
data/,ploswater.rda,abstract_inverted_index.parameters,character,
data/,ploswater.rda,"abstract_inverted_index.pH,",character,
data/,ploswater.rda,abstract_inverted_index.total,character,
data/,ploswater.rda,abstract_inverted_index.count,character,
data/,ploswater.rda,abstract_inverted_index.analyzed,character,
data/,ploswater.rda,abstract_inverted_index.understand,character,
data/,ploswater.rda,abstract_inverted_index.differences,character,
data/,ploswater.rda,abstract_inverted_index.within,character,
data/,ploswater.rda,abstract_inverted_index.chlorine,character,
data/,ploswater.rda,abstract_inverted_index.concentration,character,
data/,ploswater.rda,abstract_inverted_index.decreased,character,
data/,ploswater.rda,abstract_inverted_index.(,character,
data/,ploswater.rda,abstract_inverted_index.p,character,
data/,ploswater.rda,abstract_inverted_index.&lt;,character,
data/,ploswater.rda,abstract_inverted_index.point,character,
data/,ploswater.rda,abstract_inverted_index.plumbing,character,
data/,ploswater.rda,abstract_inverted_index.As,character,
data/,ploswater.rda,abstract_inverted_index.much,character,
data/,ploswater.rda,abstract_inverted_index.greater,character,
data/,ploswater.rda,abstract_inverted_index.compared,character,
data/,ploswater.rda,abstract_inverted_index.every,character,
data/,ploswater.rda,abstract_inverted_index.sampling,character,
data/,ploswater.rda,abstract_inverted_index.found,character,
data/,ploswater.rda,abstract_inverted_index.highest,numeric,
data/,ploswater.rda,abstract_inverted_index.no,character,
data/,ploswater.rda,abstract_inverted_index.recorded,numeric,
data/,ploswater.rda,abstract_inverted_index.during,character,
data/,ploswater.rda,abstract_inverted_index.lead,character,
data/,ploswater.rda,abstract_inverted_index.health-based,numeric,
data/,ploswater.rda,abstract_inverted_index.drinking,character,
data/,ploswater.rda,abstract_inverted_index.four,character,
data/,ploswater.rda,abstract_inverted_index.same,character,
data/,ploswater.rda,abstract_inverted_index.shared,character,
data/,ploswater.rda,abstract_inverted_index.use.,character,
data/,ploswater.rda,abstract_inverted_index.conducted,character,
data/,ploswater.rda,abstract_inverted_index.one,character,
data/,ploswater.rda,abstract_inverted_index.required,character,
data/,ploswater.rda,abstract_inverted_index.supply.,numeric,
data/,ploswater.rda,abstract_inverted_index.viable,character,
data/,ploswater.rda,abstract_inverted_index.method,character,
data/,ploswater.rda,abstract_inverted_index.need,character,
data/,ploswater.rda,abstract_inverted_index.19,numeric,
data/,ploswater.rda,abstract_inverted_index.than,character,
data/,ploswater.rda,abstract_inverted_index.50,character,
data/,ploswater.rda,abstract_inverted_index.before,character,
data/,ploswater.rda,abstract_inverted_index.prior,character,
data/,ploswater.rda,abstract_inverted_index.suggest,numeric,
data/,ploswater.rda,abstract_inverted_index.significantly,character,
data/,ploswater.rda,abstract_inverted_index.implications,character,
data/,ploswater.rda,abstract_inverted_index.collected,character,
data/,ploswater.rda,abstract_inverted_index.infrastructure,character,
data/,ploswater.rda,abstract_inverted_index.engineering,numeric,
data/,ploswater.rda,abstract_inverted_index.security,character,
data/,ploswater.rda,abstract_inverted_index.In,character,
data/,ploswater.rda,abstract_inverted_index.freshwater,character,
data/,ploswater.rda,abstract_inverted_index.society,character,
data/,ploswater.rda,abstract_inverted_index.environment,character,
data/,ploswater.rda,abstract_inverted_index.could,character,
data/,ploswater.rda,abstract_inverted_index.benefit,numeric,
data/,ploswater.rda,abstract_inverted_index.Such,numeric,
data/,ploswater.rda,abstract_inverted_index.conservation,character,
data/,ploswater.rda,abstract_inverted_index.ongoing,character,
data/,ploswater.rda,abstract_inverted_index.species,character,
data/,ploswater.rda,abstract_inverted_index.their,character,
data/,ploswater.rda,abstract_inverted_index.systems.,character,
data/,ploswater.rda,"abstract_inverted_index.However,",character,
data/,ploswater.rda,abstract_inverted_index.make,character,
data/,ploswater.rda,abstract_inverted_index.meaningful,numeric,
data/,ploswater.rda,abstract_inverted_index.contributions,character,
data/,ploswater.rda,abstract_inverted_index.must,character,
data/,ploswater.rda,abstract_inverted_index.established,character,
data/,ploswater.rda,abstract_inverted_index.link,numeric,
data/,ploswater.rda,abstract_inverted_index.common,character,
data/,ploswater.rda,abstract_inverted_index.six,numeric,
data/,ploswater.rda,abstract_inverted_index.actions,numeric,
data/,ploswater.rda,abstract_inverted_index.life,numeric,
data/,ploswater.rda,abstract_inverted_index.science,character,
data/,ploswater.rda,abstract_inverted_index.highlight,numeric,
data/,ploswater.rda,abstract_inverted_index.knowledge,character,
data/,ploswater.rda,abstract_inverted_index.necessary,character,
data/,ploswater.rda,abstract_inverted_index.how,character,
data/,ploswater.rda,abstract_inverted_index.play,numeric,
data/,ploswater.rda,abstract_inverted_index.direct,character,
data/,ploswater.rda,abstract_inverted_index.aquatic,character,
data/,ploswater.rda,"abstract_inverted_index.quality,",character,
data/,ploswater.rda,abstract_inverted_index.ecosystems.,numeric,
data/,ploswater.rda,abstract_inverted_index.ensure,numeric,
data/,ploswater.rda,abstract_inverted_index.ecosystems,character,
data/,ploswater.rda,abstract_inverted_index.species.,numeric,
data/,ploswater.rda,abstract_inverted_index.Water,character,
data/,ploswater.rda,abstract_inverted_index.managers,character,
data/,ploswater.rda,abstract_inverted_index.consider,character,
data/,ploswater.rda,abstract_inverted_index.whether,numeric,
data/,ploswater.rda,abstract_inverted_index.concern,character,
data/,ploswater.rda,abstract_inverted_index.reservoir,character,
data/,ploswater.rda,"abstract_inverted_index.management,",character,
data/,ploswater.rda,abstract_inverted_index.modeling,character,
data/,ploswater.rda,abstract_inverted_index.requires,character,
data/,ploswater.rda,abstract_inverted_index.models,character,
data/,ploswater.rda,abstract_inverted_index.watershed,character,
data/,ploswater.rda,abstract_inverted_index.various,character,
data/,ploswater.rda,abstract_inverted_index.most,character,
data/,ploswater.rda,abstract_inverted_index.practical,character,
data/,ploswater.rda,abstract_inverted_index.selecting,character,
data/,ploswater.rda,abstract_inverted_index.availability,character,
data/,ploswater.rda,abstract_inverted_index.number,character,
data/,ploswater.rda,abstract_inverted_index.decisions,numeric,
data/,ploswater.rda,abstract_inverted_index.regarding,character,
data/,ploswater.rda,abstract_inverted_index.best,character,
data/,ploswater.rda,abstract_inverted_index.relative,character,
data/,ploswater.rda,abstract_inverted_index.importance,character,
data/,ploswater.rda,abstract_inverted_index.different,character,
data/,ploswater.rda,abstract_inverted_index.limited,character,
data/,ploswater.rda,abstract_inverted_index.should,character,
data/,ploswater.rda,abstract_inverted_index.assess,numeric,
data/,ploswater.rda,abstract_inverted_index.existing,character,
data/,ploswater.rda,abstract_inverted_index.then,character,
data/,ploswater.rda,abstract_inverted_index.limitations,numeric,
data/,ploswater.rda,abstract_inverted_index.questions,character,
data/,ploswater.rda,abstract_inverted_index.previous,character,
data/,ploswater.rda,abstract_inverted_index.While,character,
data/,ploswater.rda,abstract_inverted_index.there,character,
data/,ploswater.rda,abstract_inverted_index.work,character,
data/,ploswater.rda,abstract_inverted_index.options,character,
data/,ploswater.rda,abstract_inverted_index.activity,numeric,
data/,ploswater.rda,abstract_inverted_index.leading,character,
data/,ploswater.rda,abstract_inverted_index.widespread,character,
data/,ploswater.rda,abstract_inverted_index.lake,character,
data/,ploswater.rda,abstract_inverted_index.key,character,
data/,ploswater.rda,abstract_inverted_index.health.,character,
data/,ploswater.rda,abstract_inverted_index.anthropogenic,character,
data/,ploswater.rda,abstract_inverted_index.affecting,numeric,
data/,ploswater.rda,abstract_inverted_index.space,character,
data/,ploswater.rda,abstract_inverted_index.potentially,character,
data/,ploswater.rda,abstract_inverted_index.highly,character,
data/,ploswater.rda,abstract_inverted_index.responses,numeric,
data/,ploswater.rda,abstract_inverted_index.poorly,character,
data/,ploswater.rda,abstract_inverted_index.million,character,
data/,ploswater.rda,abstract_inverted_index.estimates,character,
data/,ploswater.rda,abstract_inverted_index.4,character,
data/,ploswater.rda,abstract_inverted_index.km,character,
data/,ploswater.rda,abstract_inverted_index.quantify,character,
data/,ploswater.rda,abstract_inverted_index.2020,numeric,
data/,ploswater.rda,abstract_inverted_index.large,character,
data/,ploswater.rda,abstract_inverted_index.cumulative,character,
data/,ploswater.rda,abstract_inverted_index.increase,character,
data/,ploswater.rda,abstract_inverted_index.human,character,
data/,ploswater.rda,abstract_inverted_index.lakes,character,
data/,ploswater.rda,abstract_inverted_index.positive,character,
data/,ploswater.rda,abstract_inverted_index.trends,character,
data/,ploswater.rda,abstract_inverted_index.times,numeric,
data/,ploswater.rda,abstract_inverted_index.demonstrates,numeric,
data/,ploswater.rda,abstract_inverted_index.inform,character,
data/,ploswater.rda,abstract_inverted_index.management,character,
data/,ploswater.rda,abstract_inverted_index.determine,character,
data/,ploswater.rda,abstract_inverted_index.local,character,
data/,ploswater.rda,abstract_inverted_index.Existing,numeric,
data/,ploswater.rda,abstract_inverted_index.literature,character,
data/,ploswater.rda,"abstract_inverted_index.water,",character,
data/,ploswater.rda,"abstract_inverted_index.sanitation,",numeric,
data/,ploswater.rda,abstract_inverted_index.hygiene,character,
data/,ploswater.rda,abstract_inverted_index.(WASH),numeric,
data/,ploswater.rda,abstract_inverted_index.United,character,
data/,ploswater.rda,"abstract_inverted_index.States,",character,
data/,ploswater.rda,abstract_inverted_index.issues,character,
data/,ploswater.rda,abstract_inverted_index.areas.,character,
data/,ploswater.rda,abstract_inverted_index.emerging,numeric,
data/,ploswater.rda,abstract_inverted_index.infectious,numeric,
data/,ploswater.rda,abstract_inverted_index.disease,character,
data/,ploswater.rda,abstract_inverted_index.face,numeric,
data/,ploswater.rda,abstract_inverted_index.challenges,character,
data/,ploswater.rda,abstract_inverted_index.urban,character,
data/,ploswater.rda,abstract_inverted_index.study,character,
data/,ploswater.rda,abstract_inverted_index.WASH,character,
data/,ploswater.rda,abstract_inverted_index.needs,character,
data/,ploswater.rda,abstract_inverted_index.through,character,
data/,ploswater.rda,abstract_inverted_index.interviews,character,
data/,ploswater.rda,abstract_inverted_index.(n,character,
data/,ploswater.rda,abstract_inverted_index.=,character,
data/,ploswater.rda,abstract_inverted_index.participants,character,
data/,ploswater.rda,abstract_inverted_index.18,character,
data/,ploswater.rda,abstract_inverted_index.years,character,
data/,ploswater.rda,abstract_inverted_index.lived,numeric,
data/,ploswater.rda,abstract_inverted_index.five,character,
data/,ploswater.rda,abstract_inverted_index.had,character,
data/,ploswater.rda,abstract_inverted_index.Using,numeric,
data/,ploswater.rda,"abstract_inverted_index.analysis,",character,
data/,ploswater.rda,abstract_inverted_index.factors,character,
data/,ploswater.rda,"abstract_inverted_index.access,",character,
data/,ploswater.rda,abstract_inverted_index.outcomes,character,
data/,ploswater.rda,abstract_inverted_index.result,character,
data/,ploswater.rda,abstract_inverted_index.explore,numeric,
data/,ploswater.rda,abstract_inverted_index.experiences,character,
data/,ploswater.rda,abstract_inverted_index.who,character,
data/,ploswater.rda,abstract_inverted_index.those,character,
data/,ploswater.rda,abstract_inverted_index.did,character,
data/,ploswater.rda,abstract_inverted_index.not.,numeric,
data/,ploswater.rda,abstract_inverted_index.Our,character,
data/,ploswater.rda,abstract_inverted_index.findings,character,
data/,ploswater.rda,abstract_inverted_index.revealed,character,
data/,ploswater.rda,abstract_inverted_index.contributed,numeric,
data/,ploswater.rda,"abstract_inverted_index.physical,",numeric,
data/,ploswater.rda,abstract_inverted_index.relationship,character,
data/,ploswater.rda,abstract_inverted_index.communities,character,
data/,ploswater.rda,abstract_inverted_index.impacted,numeric,
data/,ploswater.rda,abstract_inverted_index.facilities,character,
data/,ploswater.rda,abstract_inverted_index.safe,character,
data/,ploswater.rda,abstract_inverted_index.available,character,
data/,ploswater.rda,abstract_inverted_index.inadequate,numeric,
data/,ploswater.rda,abstract_inverted_index.access,character,
data/,ploswater.rda,abstract_inverted_index.collaboration,character,
data/,ploswater.rda,abstract_inverted_index.reduction,character,
data/,ploswater.rda,abstract_inverted_index.services,character,
data/,ploswater.rda,"abstract_inverted_index.example,",numeric,
data/,ploswater.rda,abstract_inverted_index.hand,character,
data/,ploswater.rda,abstract_inverted_index.community,character,
data/,ploswater.rda,abstract_inverted_index.measures,character,
data/,ploswater.rda,abstract_inverted_index.transmission,character,
data/,ploswater.rda,abstract_inverted_index.COVID-19,character,
data/,ploswater.rda,abstract_inverted_index.other,character,
data/,ploswater.rda,abstract_inverted_index.diseases.,character,
data/,ploswater.rda,abstract_inverted_index.guidance,character,
data/,ploswater.rda,abstract_inverted_index.standards,character,
data/,ploswater.rda,abstract_inverted_index.new,character,
data/,ploswater.rda,abstract_inverted_index.tools,character,
data/,ploswater.rda,abstract_inverted_index.targeted,numeric,
data/,ploswater.rda,abstract_inverted_index.assessments,character,
data/,ploswater.rda,abstract_inverted_index.pandemic.,numeric,
data/,ploswater.rda,abstract_inverted_index.organizations,numeric,
data/,ploswater.rda,abstract_inverted_index.evaluate,character,
data/,ploswater.rda,abstract_inverted_index.interventions,character,
data/,ploswater.rda,abstract_inverted_index.mitigate,numeric,
data/,ploswater.rda,abstract_inverted_index.middle-income,character,
data/,ploswater.rda,abstract_inverted_index.countries,character,
data/,ploswater.rda,abstract_inverted_index.focusing,numeric,
data/,ploswater.rda,abstract_inverted_index.household,character,
data/,ploswater.rda,abstract_inverted_index.settings,character,
data/,ploswater.rda,abstract_inverted_index.observed,character,
data/,ploswater.rda,abstract_inverted_index.gaps,character,
data/,ploswater.rda,abstract_inverted_index.specifically,numeric,
data/,ploswater.rda,abstract_inverted_index.often,character,
data/,ploswater.rda,abstract_inverted_index.about,character,
data/,ploswater.rda,abstract_inverted_index.high,character,
data/,ploswater.rda,abstract_inverted_index.after,character,
data/,ploswater.rda,abstract_inverted_index.stations,numeric,
data/,ploswater.rda,abstract_inverted_index.points,numeric,
data/,ploswater.rda,abstract_inverted_index.external,numeric,
data/,ploswater.rda,abstract_inverted_index.needed.,numeric,
data/,ploswater.rda,abstract_inverted_index.refinement,numeric,
data/,ploswater.rda,abstract_inverted_index.help,character,
data/,ploswater.rda,abstract_inverted_index.aspects,character,
data/,ploswater.rda,abstract_inverted_index.efforts,character,
data/,ploswater.rda,abstract_inverted_index.remain,numeric,
data/,ploswater.rda,abstract_inverted_index.functional,numeric,
data/,ploswater.rda,abstract_inverted_index.inclusive,character,
data/,ploswater.rda,abstract_inverted_index.U.S.,character,
data/,ploswater.rda,abstract_inverted_index.service,character,
data/,ploswater.rda,"abstract_inverted_index.health,",character,
data/,ploswater.rda,abstract_inverted_index.economic,character,
data/,ploswater.rda,abstract_inverted_index.expressed,character,
data/,ploswater.rda,abstract_inverted_index.sample,numeric,
data/,ploswater.rda,abstract_inverted_index.approximately,numeric,
data/,ploswater.rda,abstract_inverted_index.city,character,
data/,ploswater.rda,abstract_inverted_index.perceptions,character,
data/,ploswater.rda,abstract_inverted_index.barriers,character,
data/,ploswater.rda,abstract_inverted_index.meeting,character,
data/,ploswater.rda,abstract_inverted_index.question,numeric,
data/,ploswater.rda,abstract_inverted_index.cost,character,
data/,ploswater.rda,abstract_inverted_index.capital,character,
data/,ploswater.rda,abstract_inverted_index.projects,character,
data/,ploswater.rda,abstract_inverted_index.increases,numeric,
data/,ploswater.rda,abstract_inverted_index.infrastructure.,character,
data/,ploswater.rda,abstract_inverted_index.demonstrate,character,
data/,ploswater.rda,abstract_inverted_index.disparities,character,
data/,ploswater.rda,abstract_inverted_index.great,numeric,
data/,ploswater.rda,abstract_inverted_index.little,numeric,
data/,ploswater.rda,abstract_inverted_index.condition,character,
data/,ploswater.rda,abstract_inverted_index.making,character,
data/,ploswater.rda,abstract_inverted_index.financial,numeric,
data/,ploswater.rda,abstract_inverted_index.decision,character,
data/,ploswater.rda,abstract_inverted_index.clean,character,
data/,ploswater.rda,abstract_inverted_index.substantial,character,
data/,ploswater.rda,abstract_inverted_index.States,character,
data/,ploswater.rda,abstract_inverted_index.cannot,numeric,
data/,ploswater.rda,abstract_inverted_index.pathways,character,
data/,ploswater.rda,abstract_inverted_index.influence,character,
data/,ploswater.rda,abstract_inverted_index.behaviors,numeric,
data/,ploswater.rda,abstract_inverted_index.vulnerable,character,
data/,ploswater.rda,abstract_inverted_index.interviewed,character,
data/,ploswater.rda,abstract_inverted_index.low-income,character,
data/,ploswater.rda,abstract_inverted_index.bill,character,
data/,ploswater.rda,abstract_inverted_index.content,numeric,
data/,ploswater.rda,abstract_inverted_index.interview,numeric,
data/,ploswater.rda,abstract_inverted_index.Results,numeric,
data/,ploswater.rda,abstract_inverted_index.showed,character,
data/,ploswater.rda,abstract_inverted_index.ways,character,
data/,ploswater.rda,abstract_inverted_index.made,character,
data/,ploswater.rda,abstract_inverted_index.times.,numeric,
data/,ploswater.rda,abstract_inverted_index.influenced,numeric,
data/,ploswater.rda,abstract_inverted_index.utility,character,
data/,ploswater.rda,abstract_inverted_index.included,character,
data/,ploswater.rda,abstract_inverted_index.reduced,numeric,
data/,ploswater.rda,abstract_inverted_index.decline,numeric,
data/,ploswater.rda,abstract_inverted_index.government,character,
data/,ploswater.rda,abstract_inverted_index.affordable,character,
data/,ploswater.rda,abstract_inverted_index.households.,character,
data/,ploswater.rda,"abstract_inverted_index.infrastructure,",character,
data/,ploswater.rda,abstract_inverted_index.state,character,
data/,ploswater.rda,abstract_inverted_index.well,character,
data/,ploswater.rda,abstract_inverted_index.municipal,character,
data/,ploswater.rda,abstract_inverted_index.policies,character,
data/,ploswater.rda,abstract_inverted_index.households,character,
data/,ploswater.rda,abstract_inverted_index.growing,character,
data/,ploswater.rda,abstract_inverted_index.residents,character,
data/,ploswater.rda,abstract_inverted_index.balance,character,
data/,ploswater.rda,abstract_inverted_index.resulting,character,
data/,ploswater.rda,abstract_inverted_index.affect,numeric,
data/,ploswater.rda,abstract_inverted_index.loss,character,
data/,ploswater.rda,abstract_inverted_index.impact,character,
data/,ploswater.rda,"abstract_inverted_index.system,",character,
data/,ploswater.rda,abstract_inverted_index.influencing,numeric,
data/,ploswater.rda,abstract_inverted_index.frequency,character,
data/,ploswater.rda,abstract_inverted_index.During,numeric,
data/,ploswater.rda,abstract_inverted_index.past,character,
data/,ploswater.rda,abstract_inverted_index.basin,character,
data/,ploswater.rda,abstract_inverted_index.uses,numeric,
data/,ploswater.rda,abstract_inverted_index.along,character,
data/,ploswater.rda,abstract_inverted_index.predicted,character,
data/,ploswater.rda,abstract_inverted_index.temporal,character,
data/,ploswater.rda,abstract_inverted_index.spatial,character,
data/,ploswater.rda,abstract_inverted_index.sediment,character,
data/,ploswater.rda,abstract_inverted_index.effective,character,
data/,ploswater.rda,abstract_inverted_index.50%,numeric,
data/,ploswater.rda,abstract_inverted_index.baseline,character,
data/,ploswater.rda,abstract_inverted_index.cause,character,
data/,ploswater.rda,abstract_inverted_index.3%,character,
data/,ploswater.rda,abstract_inverted_index.mean,character,
data/,ploswater.rda,abstract_inverted_index.surface,character,
data/,ploswater.rda,abstract_inverted_index.solid,character,
data/,ploswater.rda,abstract_inverted_index.estimated,character,
data/,ploswater.rda,abstract_inverted_index.concentrations,character,
data/,ploswater.rda,abstract_inverted_index.cover,numeric,
data/,ploswater.rda,abstract_inverted_index.biochar,character,
data/,ploswater.rda,abstract_inverted_index.remove,numeric,
data/,ploswater.rda,abstract_inverted_index.improve,character,
data/,ploswater.rda,abstract_inverted_index.P,character,
data/,ploswater.rda,abstract_inverted_index.molecular,numeric,
data/,ploswater.rda,abstract_inverted_index.carbon,character,
data/,ploswater.rda,abstract_inverted_index.produced,character,
data/,ploswater.rda,abstract_inverted_index.under,character,
data/,ploswater.rda,abstract_inverted_index.3,character,
data/,ploswater.rda,abstract_inverted_index.gas,character,
data/,ploswater.rda,abstract_inverted_index.mass,numeric,
data/,ploswater.rda,abstract_inverted_index.capacities,character,
data/,ploswater.rda,abstract_inverted_index.near,character,
data/,ploswater.rda,abstract_inverted_index.structure,numeric,
data/,ploswater.rda,abstract_inverted_index.indicated,numeric,
data/,ploswater.rda,abstract_inverted_index.advance,character,
data/,ploswater.rda,abstract_inverted_index.treatment,character,
data/,ploswater.rda,abstract_inverted_index.processes,character,
data/,ploswater.rda,abstract_inverted_index.employed,numeric,
data/,ploswater.rda,abstract_inverted_index.stormwater,character,
data/,ploswater.rda,abstract_inverted_index.stream,character,
data/,ploswater.rda,abstract_inverted_index.performance,character,
data/,ploswater.rda,abstract_inverted_index.metrics,character,
data/,ploswater.rda,abstract_inverted_index.they,character,
data/,ploswater.rda,abstract_inverted_index.catchment,character,
data/,ploswater.rda,abstract_inverted_index.aimed,numeric,
data/,ploswater.rda,abstract_inverted_index.response,character,
data/,ploswater.rda,abstract_inverted_index.application,character,
data/,ploswater.rda,abstract_inverted_index.experiment,numeric,
data/,ploswater.rda,abstract_inverted_index.test,character,
data/,ploswater.rda,abstract_inverted_index.improved,character,
data/,ploswater.rda,abstract_inverted_index.achieved,character,
data/,ploswater.rda,abstract_inverted_index.experimental,character,
data/,ploswater.rda,abstract_inverted_index.similar,character,
data/,ploswater.rda,abstract_inverted_index.per,character,
data/,ploswater.rda,abstract_inverted_index.implementation,character,
data/,ploswater.rda,abstract_inverted_index.achieve,character,
data/,ploswater.rda,abstract_inverted_index.success,numeric,
data/,ploswater.rda,abstract_inverted_index.final,numeric,
data/,ploswater.rda,abstract_inverted_index.into,character,
data/,ploswater.rda,abstract_inverted_index.demand,character,
data/,ploswater.rda,abstract_inverted_index.measure,character,
data/,ploswater.rda,abstract_inverted_index.period,character,
data/,ploswater.rda,abstract_inverted_index.varied,character,
data/,ploswater.rda,abstract_inverted_index.modelling,character,
data/,ploswater.rda,abstract_inverted_index.broader,character,
data/,ploswater.rda,abstract_inverted_index.decades,numeric,
data/,ploswater.rda,abstract_inverted_index.environmental,character,
data/,ploswater.rda,abstract_inverted_index.surveillance,character,
data/,ploswater.rda,abstract_inverted_index.pathogens,character,
data/,ploswater.rda,abstract_inverted_index.single,character,
data/,ploswater.rda,abstract_inverted_index.pathogen,character,
data/,ploswater.rda,abstract_inverted_index.small,character,
data/,ploswater.rda,abstract_inverted_index.few,numeric,
data/,ploswater.rda,abstract_inverted_index.quantitative,character,
data/,ploswater.rda,abstract_inverted_index.developed,character,
data/,ploswater.rda,abstract_inverted_index.targets,character,
data/,ploswater.rda,abstract_inverted_index.applied,character,
data/,ploswater.rda,abstract_inverted_index.samples,character,
data/,ploswater.rda,abstract_inverted_index.plants,character,
data/,ploswater.rda,abstract_inverted_index.From,numeric,
data/,ploswater.rda,abstract_inverted_index.detected,character,
data/,ploswater.rda,abstract_inverted_index.find,character,
data/,ploswater.rda,abstract_inverted_index.E,character,
data/,ploswater.rda,abstract_inverted_index..,character,
data/,ploswater.rda,abstract_inverted_index.coli,character,
data/,ploswater.rda,abstract_inverted_index.stable,numeric,
data/,ploswater.rda,abstract_inverted_index.notable,numeric,
data/,ploswater.rda,"abstract_inverted_index.,",character,
data/,ploswater.rda,abstract_inverted_index.broad,character,
data/,ploswater.rda,abstract_inverted_index.expanding,numeric,
data/,ploswater.rda,abstract_inverted_index.fecal,character,
data/,ploswater.rda,abstract_inverted_index.waste,character,
data/,ploswater.rda,abstract_inverted_index.solids,character,
data/,ploswater.rda,abstract_inverted_index.changed,numeric,
data/,ploswater.rda,abstract_inverted_index.objective,character,
data/,ploswater.rda,abstract_inverted_index.One,character,
data/,ploswater.rda,abstract_inverted_index.when,character,
data/,ploswater.rda,abstract_inverted_index.To,numeric,
data/,ploswater.rda,abstract_inverted_index.trend,character,
data/,ploswater.rda,abstract_inverted_index.index,numeric,
data/,ploswater.rda,abstract_inverted_index.measurements,character,
data/,ploswater.rda,abstract_inverted_index.characterize,character,
data/,ploswater.rda,abstract_inverted_index.trends.,character,
data/,ploswater.rda,abstract_inverted_index.better,character,
data/,ploswater.rda,abstract_inverted_index.so,character,
data/,ploswater.rda,abstract_inverted_index.5,character,
data/,ploswater.rda,abstract_inverted_index.detect,numeric,
data/,ploswater.rda,abstract_inverted_index.respectively.,character,
data/,ploswater.rda,abstract_inverted_index.providing,numeric,
data/,ploswater.rda,abstract_inverted_index.changing,character,
data/,ploswater.rda,abstract_inverted_index.2021,numeric,
data/,ploswater.rda,abstract_inverted_index.without,character,
data/,ploswater.rda,abstract_inverted_index.domestic,character,
data/,ploswater.rda,abstract_inverted_index.systems,character,
data/,ploswater.rda,abstract_inverted_index.performed,character,
data/,ploswater.rda,abstract_inverted_index.combined,character,
data/,ploswater.rda,abstract_inverted_index.Texas,numeric,
data/,ploswater.rda,abstract_inverted_index.affected,numeric,
data/,ploswater.rda,abstract_inverted_index.populations,character,
data/,ploswater.rda,abstract_inverted_index.cross-sectional,numeric,
data/,ploswater.rda,abstract_inverted_index.survey,character,
data/,ploswater.rda,abstract_inverted_index.shows,character,
data/,ploswater.rda,abstract_inverted_index.size,character,
data/,ploswater.rda,abstract_inverted_index.system.,numeric,
data/,ploswater.rda,abstract_inverted_index.mostly,character,
data/,ploswater.rda,abstract_inverted_index.disproportionately,numeric,
data/,ploswater.rda,abstract_inverted_index.likely,character,
data/,ploswater.rda,abstract_inverted_index.utilities,character,
data/,ploswater.rda,abstract_inverted_index.respondents,character,
data/,ploswater.rda,abstract_inverted_index.resilience,numeric,
data/,ploswater.rda,abstract_inverted_index.efficient,character,
data/,ploswater.rda,abstract_inverted_index.emergency,numeric,
data/,ploswater.rda,abstract_inverted_index.physical,numeric,
data/,ploswater.rda,abstract_inverted_index.based,character,
data/,ploswater.rda,abstract_inverted_index.system,character,
data/,ploswater.rda,abstract_inverted_index.complex,character,
data/,ploswater.rda,abstract_inverted_index.conventional,character,
data/,ploswater.rda,abstract_inverted_index.remote,character,
data/,ploswater.rda,abstract_inverted_index.sensing,character,
data/,ploswater.rda,abstract_inverted_index.New,character,
data/,ploswater.rda,abstract_inverted_index.addressing,character,
data/,ploswater.rda,abstract_inverted_index.mainly,numeric,
data/,ploswater.rda,abstract_inverted_index.types,numeric,
data/,ploswater.rda,abstract_inverted_index.problems,character,
data/,ploswater.rda,"abstract_inverted_index.challenges,",character,
data/,ploswater.rda,abstract_inverted_index.identify,character,
data/,ploswater.rda,abstract_inverted_index.opportunities,character,
data/,ploswater.rda,abstract_inverted_index.hydrology,character,
data/,ploswater.rda,abstract_inverted_index.around,character,
data/,ploswater.rda,abstract_inverted_index.insights,numeric,
data/,ploswater.rda,abstract_inverted_index.just,numeric,
data/,ploswater.rda,abstract_inverted_index.propose,character,
data/,ploswater.rda,abstract_inverted_index.larger,numeric,
data/,ploswater.rda,abstract_inverted_index.big,numeric,
data/,ploswater.rda,abstract_inverted_index.call,numeric,
data/,ploswater.rda,abstract_inverted_index.action,character,
data/,ploswater.rda,abstract_inverted_index.context,numeric,
data/,ploswater.rda,abstract_inverted_index.practice,character,
data/,ploswater.rda,abstract_inverted_index.sector,character,
data/,ploswater.rda,abstract_inverted_index.private,character,
data/,ploswater.rda,abstract_inverted_index.engagement,character,
data/,ploswater.rda,abstract_inverted_index.good,character,
data/,ploswater.rda,abstract_inverted_index.very,character,
data/,ploswater.rda,abstract_inverted_index.issue,character,
data/,ploswater.rda,abstract_inverted_index.pollution,character,
data/,ploswater.rda,abstract_inverted_index.throughout,character,
data/,ploswater.rda,abstract_inverted_index.entire,character,
data/,ploswater.rda,abstract_inverted_index.West,character,
data/,ploswater.rda,abstract_inverted_index.distribution,character,
data/,ploswater.rda,abstract_inverted_index.pollutants,character,
data/,ploswater.rda,abstract_inverted_index.considering,numeric,
data/,ploswater.rda,"abstract_inverted_index.level,",character,
data/,ploswater.rda,abstract_inverted_index.next,numeric,
data/,ploswater.rda,abstract_inverted_index.generated,numeric,
data/,ploswater.rda,abstract_inverted_index.level,character,
data/,ploswater.rda,abstract_inverted_index.each,character,
data/,ploswater.rda,abstract_inverted_index.selected,character,
data/,ploswater.rda,abstract_inverted_index.estimate,character,
data/,ploswater.rda,abstract_inverted_index.low,character,
data/,ploswater.rda,abstract_inverted_index.alternative,character,
data/,ploswater.rda,abstract_inverted_index.solution,character,
data/,ploswater.rda,abstract_inverted_index.globally,numeric,
data/,ploswater.rda,"abstract_inverted_index.precipitation,",numeric,
data/,ploswater.rda,abstract_inverted_index.processes.,numeric,
data/,ploswater.rda,abstract_inverted_index.performance.,numeric,
data/,ploswater.rda,abstract_inverted_index.estimating,numeric,
data/,ploswater.rda,abstract_inverted_index.characteristics,character,
data/,ploswater.rda,abstract_inverted_index.remains,numeric,
data/,ploswater.rda,"abstract_inverted_index.models,",numeric,
data/,ploswater.rda,abstract_inverted_index.method.,numeric,
data/,ploswater.rda,abstract_inverted_index.Spatial,numeric,
data/,ploswater.rda,abstract_inverted_index.associated,character,
data/,ploswater.rda,abstract_inverted_index.cold,character,
data/,ploswater.rda,abstract_inverted_index.association,numeric,
data/,ploswater.rda,abstract_inverted_index.variations,character,
data/,ploswater.rda,abstract_inverted_index.operational,character,
data/,ploswater.rda,abstract_inverted_index.full-scale,numeric,
data/,ploswater.rda,abstract_inverted_index.integration,character,
data/,ploswater.rda,abstract_inverted_index.chemical,character,
data/,ploswater.rda,abstract_inverted_index.accumulation,character,
data/,ploswater.rda,abstract_inverted_index.being,character,
data/,ploswater.rda,abstract_inverted_index.driver,numeric,
data/,ploswater.rda,abstract_inverted_index.upon,numeric,
data/,ploswater.rda,"abstract_inverted_index.complex,",numeric,
data/,ploswater.rda,abstract_inverted_index.indicating,character,
data/,ploswater.rda,abstract_inverted_index.These,character,
data/,ploswater.rda,abstract_inverted_index.water.,character,
data/,ploswater.rda,abstract_inverted_index.By,character,
data/,ploswater.rda,"abstract_inverted_index.process,",character,
data/,ploswater.rda,abstract_inverted_index.targeting,numeric,
data/,ploswater.rda,abstract_inverted_index.long-term,character,
data/,ploswater.rda,abstract_inverted_index.quality.,character,
data/,ploswater.rda,"abstract_inverted_index.urbanization,",numeric,
data/,ploswater.rda,abstract_inverted_index.population,character,
data/,ploswater.rda,abstract_inverted_index.inequality,character,
data/,ploswater.rda,"abstract_inverted_index.study,",character,
data/,ploswater.rda,abstract_inverted_index.peri-urban,character,
data/,ploswater.rda,abstract_inverted_index.examine,character,
data/,ploswater.rda,abstract_inverted_index.explained,character,
data/,ploswater.rda,abstract_inverted_index.regression,character,
data/,ploswater.rda,abstract_inverted_index.source,character,
data/,ploswater.rda,abstract_inverted_index.pressure,numeric,
data/,ploswater.rda,abstract_inverted_index.supply,character,
data/,ploswater.rda,abstract_inverted_index.odds,character,
data/,ploswater.rda,abstract_inverted_index.ratio,numeric,
data/,ploswater.rda,abstract_inverted_index.factor,character,
data/,ploswater.rda,abstract_inverted_index.Findings,numeric,
data/,ploswater.rda,abstract_inverted_index.even,character,
data/,ploswater.rda,"abstract_inverted_index.services,",character,
data/,ploswater.rda,abstract_inverted_index.stakeholders,character,
data/,ploswater.rda,abstract_inverted_index.guide,numeric,
data/,ploswater.rda,abstract_inverted_index.infrastructural,numeric,
data/,ploswater.rda,abstract_inverted_index.settings.,numeric,
data/,ploswater.rda,abstract_inverted_index.dynamics,character,
data/,ploswater.rda,abstract_inverted_index.transboundary,character,
data/,ploswater.rda,abstract_inverted_index.nature,numeric,
data/,ploswater.rda,abstract_inverted_index.cross,numeric,
data/,ploswater.rda,"abstract_inverted_index.rivers,",character,
data/,ploswater.rda,"abstract_inverted_index.Thus,",numeric,
data/,ploswater.rda,abstract_inverted_index.defined,character,
data/,ploswater.rda,abstract_inverted_index.beyond,numeric,
data/,ploswater.rda,abstract_inverted_index.field,character,
data/,ploswater.rda,abstract_inverted_index.concept.,numeric,
data/,ploswater.rda,abstract_inverted_index.With,numeric,
data/,ploswater.rda,abstract_inverted_index.riverine,character,
data/,ploswater.rda,abstract_inverted_index.become,character,
data/,ploswater.rda,abstract_inverted_index.crucial,numeric,
data/,ploswater.rda,abstract_inverted_index.study.,numeric,
data/,ploswater.rda,"abstract_inverted_index.i.e.,",character,
data/,ploswater.rda,"abstract_inverted_index.Yet,",numeric,
data/,ploswater.rda,abstract_inverted_index.primary,character,
data/,ploswater.rda,abstract_inverted_index.because,character,
data/,ploswater.rda,abstract_inverted_index.cities,character,
data/,ploswater.rda,"abstract_inverted_index.Moreover,",numeric,
data/,ploswater.rda,abstract_inverted_index.what,character,
data/,ploswater.rda,abstract_inverted_index.them,numeric,
data/,ploswater.rda,abstract_inverted_index.do,character,
data/,ploswater.rda,abstract_inverted_index.ability,character,
data/,ploswater.rda,abstract_inverted_index.extensive,numeric,
data/,ploswater.rda,abstract_inverted_index.qualitative,numeric,
data/,ploswater.rda,abstract_inverted_index.South,character,
data/,ploswater.rda,abstract_inverted_index.purpose,numeric,
data/,ploswater.rda,abstract_inverted_index.article,numeric,
data/,ploswater.rda,abstract_inverted_index.poor,character,
data/,ploswater.rda,abstract_inverted_index.toward,character,
data/,ploswater.rda,abstract_inverted_index.community.,numeric,
data/,ploswater.rda,abstract_inverted_index.include,numeric,
data/,ploswater.rda,abstract_inverted_index.education,character,
data/,ploswater.rda,abstract_inverted_index.towards,numeric,
data/,ploswater.rda,abstract_inverted_index.equitable,numeric,
data/,ploswater.rda,"abstract_inverted_index.and,",character,
data/,ploswater.rda,abstract_inverted_index.on-site,character,
data/,ploswater.rda,abstract_inverted_index.aims,numeric,
data/,ploswater.rda,abstract_inverted_index.taken,character,
data/,ploswater.rda,abstract_inverted_index.parameters.,numeric,
data/,ploswater.rda,abstract_inverted_index.hydrologic,character,
data/,ploswater.rda,abstract_inverted_index.while,character,
data/,ploswater.rda,abstract_inverted_index.assessed,character,
data/,ploswater.rda,abstract_inverted_index.downstream,character,
data/,ploswater.rda,abstract_inverted_index.difficulties,numeric,
data/,ploswater.rda,abstract_inverted_index.simulate,character,
data/,ploswater.rda,"abstract_inverted_index.conditions,",numeric,
data/,ploswater.rda,abstract_inverted_index.contaminants.,character,
data/,ploswater.rda,abstract_inverted_index.scale,character,
data/,ploswater.rda,abstract_inverted_index.National,numeric,
data/,ploswater.rda,abstract_inverted_index.Monitoring,character,
data/,ploswater.rda,abstract_inverted_index.monitored,character,
data/,ploswater.rda,abstract_inverted_index.antimicrobial,character,
data/,ploswater.rda,abstract_inverted_index.alignment,character,
data/,ploswater.rda,abstract_inverted_index.Health,character,
data/,ploswater.rda,"abstract_inverted_index.planning,",character,
data/,ploswater.rda,abstract_inverted_index.waters,character,
data/,ploswater.rda,abstract_inverted_index.function,character,
data/,ploswater.rda,"abstract_inverted_index.humans,",numeric,
data/,ploswater.rda,"abstract_inverted_index.animals,",numeric,
data/,ploswater.rda,abstract_inverted_index.environment.,numeric,
data/,ploswater.rda,abstract_inverted_index.sequencing,character,
data/,ploswater.rda,abstract_inverted_index.coverage,character,
data/,ploswater.rda,abstract_inverted_index.shown,numeric,
data/,ploswater.rda,abstract_inverted_index.enhance,character,
data/,ploswater.rda,abstract_inverted_index.report,character,
data/,ploswater.rda,abstract_inverted_index.profile,character,
data/,ploswater.rda,abstract_inverted_index.distinct,character,
data/,ploswater.rda,abstract_inverted_index.sites,character,
data/,ploswater.rda,abstract_inverted_index.enriched,numeric,
data/,ploswater.rda,abstract_inverted_index.almost,numeric,
data/,ploswater.rda,abstract_inverted_index.30%,numeric,
data/,ploswater.rda,"abstract_inverted_index.Additionally,",numeric,
data/,ploswater.rda,abstract_inverted_index.specific,character,
data/,ploswater.rda,abstract_inverted_index.sites.,character,
data/,ploswater.rda,abstract_inverted_index.Development,character,
data/,ploswater.rda,abstract_inverted_index.technologies,character,
data/,ploswater.rda,abstract_inverted_index.vulnerability,character,
data/,ploswater.rda,abstract_inverted_index.scheme,numeric,
data/,ploswater.rda,abstract_inverted_index.design,character,
data/,ploswater.rda,abstract_inverted_index.period.,character,
data/,ploswater.rda,abstract_inverted_index.variables,character,
data/,ploswater.rda,abstract_inverted_index.less,character,
data/,ploswater.rda,abstract_inverted_index.treatment.,character,
data/,ploswater.rda,abstract_inverted_index.conclude,numeric,
data/,ploswater.rda,abstract_inverted_index.appropriate,numeric,
data/,ploswater.rda,abstract_inverted_index.urgent,numeric,
data/,ploswater.rda,abstract_inverted_index.set,character,
data/,ploswater.rda,abstract_inverted_index.pressures,numeric,
data/,ploswater.rda,"abstract_inverted_index.wastewater,",numeric,
data/,ploswater.rda,abstract_inverted_index.maintain,numeric,
data/,ploswater.rda,abstract_inverted_index.involve,numeric,
data/,ploswater.rda,abstract_inverted_index.general,character,
data/,ploswater.rda,abstract_inverted_index.way,character,
data/,ploswater.rda,abstract_inverted_index.get,numeric,
data/,ploswater.rda,abstract_inverted_index.participation,numeric,
data/,ploswater.rda,abstract_inverted_index.world,character,
data/,ploswater.rda,abstract_inverted_index.take,character,
data/,ploswater.rda,abstract_inverted_index.groundwater,character,
data/,ploswater.rda,"abstract_inverted_index.science,",numeric,
data/,ploswater.rda,abstract_inverted_index.respect,numeric,
data/,ploswater.rda,abstract_inverted_index.authorities,character,
data/,ploswater.rda,abstract_inverted_index.social,character,
data/,ploswater.rda,"abstract_inverted_index.knowledge,",character,
data/,ploswater.rda,"abstract_inverted_index.environment,",numeric,
data/,ploswater.rda,abstract_inverted_index.encourage,numeric,
data/,ploswater.rda,abstract_inverted_index.tap,character,
data/,ploswater.rda,abstract_inverted_index.effect,character,
data/,ploswater.rda,abstract_inverted_index.composition,character,
data/,ploswater.rda,abstract_inverted_index.relatively,character,
data/,ploswater.rda,abstract_inverted_index.simple,numeric,
data/,ploswater.rda,abstract_inverted_index.adapted,numeric,
data/,ploswater.rda,abstract_inverted_index.expertise,numeric,
data/,ploswater.rda,abstract_inverted_index.manage,numeric,
data/,ploswater.rda,abstract_inverted_index.safety,character,
data/,ploswater.rda,abstract_inverted_index.exacerbated,numeric,
data/,ploswater.rda,abstract_inverted_index.working,numeric,
data/,ploswater.rda,"abstract_inverted_index.capacity,",numeric,
data/,ploswater.rda,abstract_inverted_index.informant,character,
data/,ploswater.rda,abstract_inverted_index.10,character,
data/,ploswater.rda,abstract_inverted_index.risks,character,
data/,ploswater.rda,abstract_inverted_index.led,character,
data/,ploswater.rda,abstract_inverted_index.adequate,numeric,
data/,ploswater.rda,abstract_inverted_index.diseases,numeric,
data/,ploswater.rda,abstract_inverted_index.investigated,numeric,
data/,ploswater.rda,abstract_inverted_index.recommended,numeric,
data/,ploswater.rda,abstract_inverted_index.active,numeric,
data/,ploswater.rda,abstract_inverted_index.training,character,
data/,ploswater.rda,abstract_inverted_index.flood,character,
data/,ploswater.rda,abstract_inverted_index.treated,character,
data/,ploswater.rda,abstract_inverted_index.industrial,numeric,
data/,ploswater.rda,abstract_inverted_index.demands,character,
data/,ploswater.rda,abstract_inverted_index.up,character,
data/,ploswater.rda,abstract_inverted_index.put,numeric,
data/,ploswater.rda,abstract_inverted_index.governance,character,
data/,ploswater.rda,abstract_inverted_index.respond,character,
data/,ploswater.rda,abstract_inverted_index.values,character,
data/,ploswater.rda,abstract_inverted_index.complexities,numeric,
data/,ploswater.rda,abstract_inverted_index.status,character,
data/,ploswater.rda,"abstract_inverted_index.time,",character,
data/,ploswater.rda,abstract_inverted_index.exist,numeric,
data/,ploswater.rda,abstract_inverted_index.groups,character,
data/,ploswater.rda,abstract_inverted_index.regional,character,
data/,ploswater.rda,abstract_inverted_index.networks,character,
data/,ploswater.rda,abstract_inverted_index.representation,character,
data/,ploswater.rda,abstract_inverted_index.operate,numeric,
data/,ploswater.rda,abstract_inverted_index.activities,character,
data/,ploswater.rda,abstract_inverted_index.project,character,
data/,ploswater.rda,abstract_inverted_index.designs,character,
data/,ploswater.rda,abstract_inverted_index.largest,character,
data/,ploswater.rda,abstract_inverted_index.located,numeric,
data/,ploswater.rda,abstract_inverted_index.m,character,
data/,ploswater.rda,abstract_inverted_index.meet,character,
data/,ploswater.rda,abstract_inverted_index.income,character,
data/,ploswater.rda,abstract_inverted_index.census,numeric,
data/,ploswater.rda,abstract_inverted_index.users,character,
data/,ploswater.rda,abstract_inverted_index.).,numeric,
data/,ploswater.rda,abstract_inverted_index.rather,character,
data/,ploswater.rda,"abstract_inverted_index.patterns,",numeric,
data/,ploswater.rda,abstract_inverted_index.patterns,character,
data/,ploswater.rda,abstract_inverted_index.products,character,
data/,ploswater.rda,abstract_inverted_index.techniques,character,
data/,ploswater.rda,abstract_inverted_index.addition,numeric,
data/,ploswater.rda,abstract_inverted_index.evaluated,character,
data/,ploswater.rda,abstract_inverted_index.monthly,character,
data/,ploswater.rda,abstract_inverted_index.statistical,numeric,
data/,ploswater.rda,abstract_inverted_index.indicators,character,
data/,ploswater.rda,abstract_inverted_index.correlation,character,
data/,ploswater.rda,abstract_inverted_index.consistently,character,
data/,ploswater.rda,"abstract_inverted_index.Overall,",numeric,
data/,ploswater.rda,abstract_inverted_index.country,character,
data/,ploswater.rda,abstract_inverted_index.type,numeric,
data/,ploswater.rda,abstract_inverted_index.time.,numeric,
data/,ploswater.rda,abstract_inverted_index.technical,character,
data/,ploswater.rda,abstract_inverted_index.paper,character,
data/,ploswater.rda,abstract_inverted_index.researchers,numeric,
data/,ploswater.rda,abstract_inverted_index.demonstrated,character,
data/,ploswater.rda,abstract_inverted_index.irrigated,character,
data/,ploswater.rda,"abstract_inverted_index.Specifically,",numeric,
data/,ploswater.rda,abstract_inverted_index.nine,numeric,
data/,ploswater.rda,abstract_inverted_index.30,character,
data/,ploswater.rda,abstract_inverted_index.tested,numeric,
data/,ploswater.rda,abstract_inverted_index.individually,numeric,
data/,ploswater.rda,abstract_inverted_index.obtained,character,
data/,ploswater.rda,"abstract_inverted_index.years,",numeric,
data/,ploswater.rda,abstract_inverted_index.applicable,numeric,
data/,ploswater.rda,abstract_inverted_index.oxygen,character,
data/,ploswater.rda,abstract_inverted_index.effluent,character,
data/,ploswater.rda,abstract_inverted_index.secondary,character,
data/,ploswater.rda,abstract_inverted_index.costs,character,
data/,ploswater.rda,abstract_inverted_index.still,character,
data/,ploswater.rda,abstract_inverted_index.promising,numeric,
data/,ploswater.rda,abstract_inverted_index.reports,character,
data/,ploswater.rda,abstract_inverted_index.),numeric,
data/,ploswater.rda,abstract_inverted_index.installed,numeric,
data/,ploswater.rda,abstract_inverted_index.months,numeric,
data/,ploswater.rda,abstract_inverted_index.measured,character,
data/,ploswater.rda,abstract_inverted_index.evaluation,character,
data/,ploswater.rda,abstract_inverted_index.show,character,
data/,ploswater.rda,abstract_inverted_index.nearly,numeric,
data/,ploswater.rda,abstract_inverted_index.desired,numeric,
data/,ploswater.rda,abstract_inverted_index.target,character,
data/,ploswater.rda,abstract_inverted_index.varying,numeric,
data/,ploswater.rda,abstract_inverted_index.measurement,character,
data/,ploswater.rda,abstract_inverted_index.share,character,
data/,ploswater.rda,abstract_inverted_index.There,character,
data/,ploswater.rda,"abstract_inverted_index.waters,",numeric,
data/,ploswater.rda,abstract_inverted_index.detection,character,
data/,ploswater.rda,abstract_inverted_index.quantified,character,
data/,ploswater.rda,abstract_inverted_index.timely,numeric,
data/,ploswater.rda,abstract_inverted_index.waters.,character,
data/,ploswater.rda,abstract_inverted_index.largely,character,
data/,ploswater.rda,"abstract_inverted_index.governance,",numeric,
data/,ploswater.rda,abstract_inverted_index.management.,numeric,
data/,ploswater.rda,abstract_inverted_index.learn,character,
data/,ploswater.rda,abstract_inverted_index.enabling,character,
data/,ploswater.rda,abstract_inverted_index.Kenya.,numeric,
data/,ploswater.rda,abstract_inverted_index.below,numeric,
data/,ploswater.rda,"abstract_inverted_index.Furthermore,",numeric,
data/,ploswater.rda,abstract_inverted_index.Escherichia,character,
data/,ploswater.rda,"abstract_inverted_index.samples,",character,
data/,ploswater.rda,abstract_inverted_index.3),character,
data/,ploswater.rda,abstract_inverted_index.detected.,numeric,
data/,ploswater.rda,abstract_inverted_index.They,numeric,
data/,ploswater.rda,abstract_inverted_index.together,numeric,
data/,ploswater.rda,abstract_inverted_index.driven,character,
data/,ploswater.rda,abstract_inverted_index.rapid,character,
data/,ploswater.rda,abstract_inverted_index.calls,numeric,
data/,ploswater.rda,abstract_inverted_index.efforts.,character,
data/,ploswater.rda,abstract_inverted_index.reliable,numeric,
data/,ploswater.rda,abstract_inverted_index.international,character,
data/,ploswater.rda,abstract_inverted_index.national,character,
data/,ploswater.rda,abstract_inverted_index.improvements,character,
data/,ploswater.rda,abstract_inverted_index.underlying,character,
data/,ploswater.rda,abstract_inverted_index.map,numeric,
data/,ploswater.rda,abstract_inverted_index.implemented,numeric,
data/,ploswater.rda,abstract_inverted_index.restoration,character,
data/,ploswater.rda,abstract_inverted_index.interconnected,numeric,
data/,ploswater.rda,abstract_inverted_index.directly,character,
data/,ploswater.rda,abstract_inverted_index.opportunity,character,
data/,ploswater.rda,abstract_inverted_index.driving,character,
data/,ploswater.rda,abstract_inverted_index.vision,character,
data/,ploswater.rda,abstract_inverted_index.free,character,
data/,ploswater.rda,abstract_inverted_index.known,numeric,
data/,ploswater.rda,abstract_inverted_index.parts,character,
data/,ploswater.rda,"abstract_inverted_index.temperature,",character,
data/,ploswater.rda,abstract_inverted_index.All,numeric,
data/,ploswater.rda,abstract_inverted_index.residence,numeric,
data/,ploswater.rda,abstract_inverted_index.culture,character,
data/,ploswater.rda,abstract_inverted_index.aeruginosa,character,
data/,ploswater.rda,abstract_inverted_index.storage,character,
data/,ploswater.rda,abstract_inverted_index.bacteria,character,
data/,ploswater.rda,abstract_inverted_index.presence,character,
data/,ploswater.rda,abstract_inverted_index.genome,character,
data/,ploswater.rda,abstract_inverted_index.Despite,character,
data/,ploswater.rda,abstract_inverted_index.pit,character,
data/,ploswater.rda,abstract_inverted_index.latrines,character,
data/,ploswater.rda,abstract_inverted_index.understood.,numeric,
data/,ploswater.rda,abstract_inverted_index.characterized,numeric,
data/,ploswater.rda,abstract_inverted_index.sludge,character,
data/,ploswater.rda,abstract_inverted_index.surveys,numeric,
data/,ploswater.rda,abstract_inverted_index.contain,numeric,
data/,ploswater.rda,abstract_inverted_index.area.,character,
data/,ploswater.rda,abstract_inverted_index.degradation,numeric,
data/,ploswater.rda,abstract_inverted_index.maintenance,character,
data/,ploswater.rda,abstract_inverted_index.governments,character,
data/,ploswater.rda,abstract_inverted_index.released,numeric,
data/,ploswater.rda,abstract_inverted_index.promote,numeric,
data/,ploswater.rda,abstract_inverted_index.actors,character,
data/,ploswater.rda,abstract_inverted_index.assigned,numeric,
data/,ploswater.rda,abstract_inverted_index.93,numeric,
data/,ploswater.rda,abstract_inverted_index.influences,character,
data/,ploswater.rda,abstract_inverted_index.formal,character,
data/,ploswater.rda,abstract_inverted_index.align,numeric,
data/,ploswater.rda,abstract_inverted_index.recommend,character,
data/,ploswater.rda,abstract_inverted_index.expand,numeric,
data/,ploswater.rda,abstract_inverted_index.shift,numeric,
data/,ploswater.rda,"abstract_inverted_index.Water,",numeric,
data/,ploswater.rda,abstract_inverted_index.attributable,numeric,
data/,ploswater.rda,abstract_inverted_index.operation,character,
data/,ploswater.rda,abstract_inverted_index.trained,character,
data/,ploswater.rda,abstract_inverted_index.staff,character,
data/,ploswater.rda,abstract_inverted_index.sustain,character,
data/,ploswater.rda,abstract_inverted_index.guidelines,character,
data/,ploswater.rda,abstract_inverted_index.accountability,numeric,
data/,ploswater.rda,abstract_inverted_index.order,character,
data/,ploswater.rda,abstract_inverted_index.enhanced,numeric,
data/,ploswater.rda,abstract_inverted_index.zero,character,
data/,ploswater.rda,abstract_inverted_index.operator,numeric,
data/,ploswater.rda,abstract_inverted_index.reaching,character,
data/,ploswater.rda,abstract_inverted_index.sectors,character,
data/,ploswater.rda,abstract_inverted_index.relationships,character,
data/,ploswater.rda,abstract_inverted_index.formation,character,
data/,ploswater.rda,abstract_inverted_index.clustering,numeric,
data/,ploswater.rda,"abstract_inverted_index.contrast,",numeric,
data/,ploswater.rda,abstract_inverted_index.Multiple,numeric,
data/,ploswater.rda,abstract_inverted_index.compounds,numeric,
data/,ploswater.rda,abstract_inverted_index.containing,character,
data/,ploswater.rda,abstract_inverted_index.Further,numeric,
data/,ploswater.rda,abstract_inverted_index.investigation,numeric,
data/,ploswater.rda,abstract_inverted_index.late,character,
data/,ploswater.rda,abstract_inverted_index.summer,character,
data/,ploswater.rda,abstract_inverted_index.provides,character,
data/,ploswater.rda,abstract_inverted_index.exposure,character,
data/,ploswater.rda,"abstract_inverted_index.growth,",numeric,
data/,ploswater.rda,"abstract_inverted_index.supply,",numeric,
data/,ploswater.rda,abstract_inverted_index.ensuring,numeric,
data/,ploswater.rda,abstract_inverted_index.quantity,character,
data/,ploswater.rda,abstract_inverted_index.document,character,
data/,ploswater.rda,abstract_inverted_index.primarily,character,
data/,ploswater.rda,abstract_inverted_index.Environmental,character,
data/,ploswater.rda,"abstract_inverted_index.First,",numeric,
data/,ploswater.rda,abstract_inverted_index.organic,character,
data/,ploswater.rda,abstract_inverted_index.matter,character,
data/,ploswater.rda,abstract_inverted_index.sewage,character,
data/,ploswater.rda,abstract_inverted_index.operations.,character,
data/,ploswater.rda,abstract_inverted_index.When,character,
data/,ploswater.rda,abstract_inverted_index.civil,numeric,
data/,ploswater.rda,abstract_inverted_index.linked,numeric,
data/,ploswater.rda,abstract_inverted_index.examining,numeric,
data/,ploswater.rda,abstract_inverted_index.contribute,character,
data/,ploswater.rda,abstract_inverted_index.predictors,numeric,
data/,ploswater.rda,abstract_inverted_index.sanitation.,numeric,
data/,ploswater.rda,abstract_inverted_index.Based,character,
data/,ploswater.rda,abstract_inverted_index.research.,numeric,
data/,ploswater.rda,abstract_inverted_index.Ghana,character,
data/,ploswater.rda,abstract_inverted_index.prevalence,character,
data/,ploswater.rda,abstract_inverted_index.piped,character,
data/,ploswater.rda,abstract_inverted_index.third,numeric,
data/,ploswater.rda,abstract_inverted_index.open,character,
data/,ploswater.rda,abstract_inverted_index.members,character,
data/,ploswater.rda,abstract_inverted_index.Key,numeric,
data/,ploswater.rda,abstract_inverted_index.themes,numeric,
data/,ploswater.rda,abstract_inverted_index.1),character,
data/,ploswater.rda,abstract_inverted_index.2),character,
data/,ploswater.rda,abstract_inverted_index.city.,character,
data/,ploswater.rda,abstract_inverted_index.loads,character,
data/,ploswater.rda,abstract_inverted_index.Bay,character,
data/,ploswater.rda,abstract_inverted_index.60%,numeric,
data/,ploswater.rda,abstract_inverted_index.shorter,numeric,
data/,ploswater.rda,abstract_inverted_index.median,numeric,
data/,ploswater.rda,abstract_inverted_index.does,numeric,
data/,ploswater.rda,abstract_inverted_index.detectable,numeric,
data/,ploswater.rda,abstract_inverted_index.contamination,character,
data/,ploswater.rda,abstract_inverted_index.infiltration,character,
data/,ploswater.rda,abstract_inverted_index.recharge,character,
data/,ploswater.rda,"abstract_inverted_index.groundwater,",numeric,
data/,ploswater.rda,abstract_inverted_index.makes,numeric,
data/,ploswater.rda,abstract_inverted_index.conduct,numeric,
data/,ploswater.rda,abstract_inverted_index.upstream,numeric,
data/,ploswater.rda,abstract_inverted_index.threats,numeric,
data/,ploswater.rda,"abstract_inverted_index.activities,",numeric,
data/,ploswater.rda,abstract_inverted_index.following,numeric,
data/,ploswater.rda,abstract_inverted_index.uncertainty,character,
data/,ploswater.rda,abstract_inverted_index.urbanized,character,
data/,ploswater.rda,abstract_inverted_index.air,numeric,
data/,ploswater.rda,abstract_inverted_index.whereas,numeric,
data/,ploswater.rda,abstract_inverted_index.constant,numeric,
data/,ploswater.rda,abstract_inverted_index.years.,character,
data/,ploswater.rda,abstract_inverted_index.useful,character,
data/,ploswater.rda,abstract_inverted_index.conditions.,character,
data/,ploswater.rda,abstract_inverted_index.practitioners,numeric,
data/,ploswater.rda,abstract_inverted_index.rely,character,
data/,ploswater.rda,abstract_inverted_index.rainwater,character,
data/,ploswater.rda,abstract_inverted_index.presents,numeric,
data/,ploswater.rda,abstract_inverted_index.collection,character,
data/,ploswater.rda,abstract_inverted_index.intervention,character,
data/,ploswater.rda,abstract_inverted_index.completed,numeric,
data/,ploswater.rda,abstract_inverted_index.11%,numeric,
data/,ploswater.rda,abstract_inverted_index.remained,numeric,
data/,ploswater.rda,abstract_inverted_index.provision,numeric,
data/,ploswater.rda,abstract_inverted_index.locally,numeric,
data/,ploswater.rda,abstract_inverted_index.countries.,character,
data/,ploswater.rda,abstract_inverted_index.second,numeric,
data/,ploswater.rda,abstract_inverted_index.site,character,
data/,ploswater.rda,abstract_inverted_index.explored,numeric,
data/,ploswater.rda,abstract_inverted_index.interactive,numeric,
data/,ploswater.rda,abstract_inverted_index.intensity,character,
data/,ploswater.rda,abstract_inverted_index.Understanding,numeric,
data/,ploswater.rda,abstract_inverted_index.subsequent,numeric,
data/,ploswater.rda,abstract_inverted_index.flows,character,
data/,ploswater.rda,abstract_inverted_index.detailed,numeric,
data/,ploswater.rda,abstract_inverted_index.watersheds,character,
data/,ploswater.rda,abstract_inverted_index.Upper,character,
data/,ploswater.rda,abstract_inverted_index.dissolved,character,
data/,ploswater.rda,abstract_inverted_index.Colorado,character,
data/,ploswater.rda,abstract_inverted_index.previously,numeric,
data/,ploswater.rda,abstract_inverted_index.protection,numeric,
data/,ploswater.rda,abstract_inverted_index.maximum,character,
data/,ploswater.rda,abstract_inverted_index.contaminant,numeric,
data/,ploswater.rda,abstract_inverted_index.participatory,character,
data/,ploswater.rda,abstract_inverted_index.gender,character,
data/,ploswater.rda,abstract_inverted_index.Cambodia,character,
data/,ploswater.rda,abstract_inverted_index.program,character,
data/,ploswater.rda,abstract_inverted_index.reflect,character,
data/,ploswater.rda,abstract_inverted_index.extent,character,
data/,ploswater.rda,abstract_inverted_index.indicate,character,
data/,ploswater.rda,abstract_inverted_index.engaging,character,
data/,ploswater.rda,abstract_inverted_index.supporting,numeric,
data/,ploswater.rda,abstract_inverted_index.derived,numeric,
data/,ploswater.rda,"abstract_inverted_index.sector,",character,
data/,ploswater.rda,abstract_inverted_index.investigate,numeric,
data/,ploswater.rda,abstract_inverted_index.adoption,character,
data/,ploswater.rda,abstract_inverted_index.aged,numeric,
data/,ploswater.rda,abstract_inverted_index.children,character,
data/,ploswater.rda,abstract_inverted_index.facilities.,numeric,
data/,ploswater.rda,abstract_inverted_index.Developing,numeric,
data/,ploswater.rda,abstract_inverted_index.journal,numeric,
data/,ploswater.rda,abstract_inverted_index.articles,numeric,
data/,ploswater.rda,abstract_inverted_index.last,character,
data/,ploswater.rda,abstract_inverted_index.height,numeric,
data/,ploswater.rda,abstract_inverted_index.worldwide,numeric,
data/,ploswater.rda,abstract_inverted_index.offers,numeric,
data/,ploswater.rda,abstract_inverted_index.dynamic,character,
data/,ploswater.rda,"abstract_inverted_index.areas,",character,
data/,ploswater.rda,abstract_inverted_index.magnitude,character,
data/,ploswater.rda,abstract_inverted_index.widely,numeric,
data/,ploswater.rda,abstract_inverted_index.humanitarian,character,
data/,ploswater.rda,abstract_inverted_index.Research,character,
data/,ploswater.rda,abstract_inverted_index.online,numeric,
data/,ploswater.rda,abstract_inverted_index.score,character,
data/,ploswater.rda,abstract_inverted_index.according,numeric,
data/,ploswater.rda,abstract_inverted_index.experts,numeric,
data/,ploswater.rda,abstract_inverted_index.evaluating,numeric,
data/,ploswater.rda,abstract_inverted_index.contexts.,character,
data/,ploswater.rda,abstract_inverted_index.priorities.,numeric,
data/,ploswater.rda,abstract_inverted_index.21,character,
data/,ploswater.rda,abstract_inverted_index.means,numeric,
data/,ploswater.rda,"abstract_inverted_index.parameters,",numeric,
data/,ploswater.rda,abstract_inverted_index.interest,numeric,
data/,ploswater.rda,abstract_inverted_index.insecurity.,character,
data/,ploswater.rda,abstract_inverted_index.semi-arid,character,
data/,ploswater.rda,abstract_inverted_index.insecurity,character,
data/,ploswater.rda,abstract_inverted_index.dry,character,
data/,ploswater.rda,abstract_inverted_index.techniques.,character,
data/,ploswater.rda,abstract_inverted_index.Given,numeric,
data/,ploswater.rda,abstract_inverted_index.offer,numeric,
data/,ploswater.rda,abstract_inverted_index.prioritize,numeric,
data/,ploswater.rda,"abstract_inverted_index.risks,",numeric,
data/,ploswater.rda,abstract_inverted_index.filters,character,
data/,ploswater.rda,abstract_inverted_index.incidence,character,
data/,ploswater.rda,abstract_inverted_index.designed,character,
data/,ploswater.rda,abstract_inverted_index.risk.,numeric,
data/,ploswater.rda,abstract_inverted_index.Local,numeric,
data/,ploswater.rda,abstract_inverted_index.coordination,numeric,
data/,ploswater.rda,"abstract_inverted_index.use,",numeric,
data/,ploswater.rda,abstract_inverted_index.isotope,character,
data/,ploswater.rda,"abstract_inverted_index.(i.e.,",character,
data/,ploswater.rda,abstract_inverted_index.H,character,
data/,ploswater.rda,abstract_inverted_index.seasons,numeric,
data/,ploswater.rda,abstract_inverted_index.validated,numeric,
data/,ploswater.rda,abstract_inverted_index.annually,numeric,
data/,ploswater.rda,abstract_inverted_index.wells,character,
data/,ploswater.rda,abstract_inverted_index.reliability,character,
data/,ploswater.rda,abstract_inverted_index.overcome,numeric,
data/,ploswater.rda,"abstract_inverted_index.households,",character,
data/,ploswater.rda,abstract_inverted_index.women,character,
data/,ploswater.rda,abstract_inverted_index.safely,character,
data/,ploswater.rda,abstract_inverted_index.managed,character,
data/,ploswater.rda,abstract_inverted_index.Although,numeric,
data/,ploswater.rda,abstract_inverted_index.establishing,numeric,
data/,ploswater.rda,abstract_inverted_index.divided,character,
data/,ploswater.rda,abstract_inverted_index.,character,
data/,ploswater.rda,abstract_inverted_index.12,character,
data/,ploswater.rda,abstract_inverted_index.9,numeric,
data/,ploswater.rda,abstract_inverted_index.15,numeric,
data/,ploswater.rda,abstract_inverted_index.winter,character,
data/,ploswater.rda,abstract_inverted_index.farmers,character,
data/,ploswater.rda,abstract_inverted_index.actual,numeric,
data/,ploswater.rda,abstract_inverted_index.operated,numeric,
data/,ploswater.rda,abstract_inverted_index.northern,character,
data/,ploswater.rda,abstract_inverted_index.arsenic,character,
data/,ploswater.rda,abstract_inverted_index.presented,numeric,
data/,ploswater.rda,abstract_inverted_index.ranged,numeric,
data/,ploswater.rda,abstract_inverted_index.limits,numeric,
data/,ploswater.rda,abstract_inverted_index.60,numeric,
data/,ploswater.rda,abstract_inverted_index.sampled,character,
data/,ploswater.rda,abstract_inverted_index.former,numeric,
data/,ploswater.rda,abstract_inverted_index.wellbeing.,numeric,
data/,ploswater.rda,"abstract_inverted_index.year,",numeric,
data/,ploswater.rda,abstract_inverted_index.dataset,character,
data/,ploswater.rda,abstract_inverted_index.suggesting,numeric,
data/,ploswater.rda,abstract_inverted_index.fully,numeric,
data/,ploswater.rda,abstract_inverted_index.San,character,
data/,ploswater.rda,abstract_inverted_index.Out,numeric,
data/,ploswater.rda,abstract_inverted_index.disposal,character,
data/,ploswater.rda,abstract_inverted_index.waterborne,character,
data/,ploswater.rda,abstract_inverted_index.(e.g.,character,
data/,ploswater.rda,"abstract_inverted_index.practices,",numeric,
data/,ploswater.rda,abstract_inverted_index.volume,character,
data/,ploswater.rda,abstract_inverted_index.passive,character,
data/,ploswater.rda,abstract_inverted_index.coupled,numeric,
data/,ploswater.rda,abstract_inverted_index.faecal,character,
data/,ploswater.rda,abstract_inverted_index.indicator,character,
data/,ploswater.rda,abstract_inverted_index.contexts,character,
data/,ploswater.rda,abstract_inverted_index.real-time,numeric,
data/,ploswater.rda,abstract_inverted_index.achieving,character,
data/,ploswater.rda,abstract_inverted_index.undertaken,numeric,
data/,ploswater.rda,abstract_inverted_index.First,numeric,
data/,ploswater.rda,"abstract_inverted_index.approaches,",character,
data/,ploswater.rda,abstract_inverted_index.planetary,character,
data/,ploswater.rda,abstract_inverted_index.salinity,character,
data/,ploswater.rda,abstract_inverted_index.resulted,numeric,
data/,ploswater.rda,abstract_inverted_index.16S,numeric,
data/,ploswater.rda,abstract_inverted_index.rRNA,numeric,
data/,ploswater.rda,abstract_inverted_index.gene,character,
data/,ploswater.rda,abstract_inverted_index.prioritized,character,
data/,ploswater.rda,abstract_inverted_index.levels.,numeric,
data/,ploswater.rda,abstract_inverted_index.prevent,numeric,
data/,ploswater.rda,abstract_inverted_index.fish,character,
data/,ploswater.rda,abstract_inverted_index.site.,numeric,
data/,ploswater.rda,abstract_inverted_index.removal,character,
data/,ploswater.rda,abstract_inverted_index.pH,character,
data/,ploswater.rda,abstract_inverted_index.confirmed,numeric,
data/,ploswater.rda,abstract_inverted_index.possibly,numeric,
data/,ploswater.rda,abstract_inverted_index.leaves,numeric,
data/,ploswater.rda,abstract_inverted_index.September,numeric,
data/,ploswater.rda,abstract_inverted_index.socially,numeric,
data/,ploswater.rda,abstract_inverted_index.consumption,numeric,
data/,ploswater.rda,abstract_inverted_index.linear,character,
data/,ploswater.rda,abstract_inverted_index.explain,character,
data/,ploswater.rda,abstract_inverted_index.until,character,
data/,ploswater.rda,"abstract_inverted_index.outcomes,",numeric,
data/,ploswater.rda,abstract_inverted_index.required.,numeric,
data/,ploswater.rda,abstract_inverted_index.regulatory,character,
data/,ploswater.rda,abstract_inverted_index.adopted,numeric,
data/,ploswater.rda,abstract_inverted_index.connections,numeric,
data/,ploswater.rda,abstract_inverted_index.occur,numeric,
data/,ploswater.rda,abstract_inverted_index.short-term,numeric,
data/,ploswater.rda,abstract_inverted_index.wells.,character,
data/,ploswater.rda,abstract_inverted_index.(including,character,
data/,ploswater.rda,abstract_inverted_index.Both,numeric,
data/,ploswater.rda,abstract_inverted_index.events,numeric,
data/,ploswater.rda,abstract_inverted_index.contaminated,numeric,
data/,ploswater.rda,abstract_inverted_index.worked,character,
data/,ploswater.rda,abstract_inverted_index.knowledges,numeric,
data/,ploswater.rda,abstract_inverted_index.collaborative,character,
data/,ploswater.rda,abstract_inverted_index.central,numeric,
data/,ploswater.rda,abstract_inverted_index.climatic,numeric,
data/,ploswater.rda,abstract_inverted_index.outcome,numeric,
data/,ploswater.rda,"abstract_inverted_index.settings,",numeric,
data/,ploswater.rda,abstract_inverted_index.extract,numeric,
data/,ploswater.rda,"abstract_inverted_index.production,",numeric,
data/,ploswater.rda,abstract_inverted_index.comparison,numeric,
data/,ploswater.rda,abstract_inverted_index.tank,character,
data/,ploswater.rda,abstract_inverted_index.log,character,
data/,ploswater.rda,abstract_inverted_index.samples.,numeric,
data/,ploswater.rda,"abstract_inverted_index.Therefore,",numeric,
data/,ploswater.rda,abstract_inverted_index.wetland,character,
data/,ploswater.rda,abstract_inverted_index.Cl,character,
data/,ploswater.rda,"abstract_inverted_index.months,",numeric,
data/,ploswater.rda,abstract_inverted_index.rapidly,numeric,
data/,ploswater.rda,abstract_inverted_index.identification,numeric,
data/,ploswater.rda,abstract_inverted_index.hundreds,numeric,
data/,ploswater.rda,abstract_inverted_index.short,character,
data/,ploswater.rda,abstract_inverted_index.coming,numeric,
data/,ploswater.rda,abstract_inverted_index.always,numeric,
data/,ploswater.rda,"abstract_inverted_index.demand,",numeric,
data/,ploswater.rda,abstract_inverted_index.cholera,character,
data/,ploswater.rda,abstract_inverted_index.Sanitation,character,
data/,ploswater.rda,abstract_inverted_index.successful,numeric,
data/,ploswater.rda,"abstract_inverted_index.users,",numeric,
data/,ploswater.rda,abstract_inverted_index.Four,numeric,
data/,ploswater.rda,abstract_inverted_index.stakeholder,numeric,
data/,ploswater.rda,abstract_inverted_index.engage,character,
data/,ploswater.rda,abstract_inverted_index.future.,numeric,